,Name,Price,Model,Brand,Size,Retailer,Categories,Currencies,Image
6,Sony 65-inch X95H 4K UHD LED LCD Smart TV,2995                        ,KD65X9500H,Sony,65,Harvey Norman,Televisions,AUD,https://azcd.harveynorman.com.au/media/catalog/product/cache/21/small_image/205x115/9df78eab33525d08d6e5fb8d27136e95/6/5/65_x95h_xh95_dark_sil_brushed_dark_sil_edge_chevron_front_b_1.jpg
7,Hisense 65-inch S8 4K LED LCD Smart TV,1395,65S8,Hisense,65,Harvey Norman,Televisions,AUD,https://azcd.harveynorman.com.au/media/catalog/product/cache/21/small_image/205x115/9df78eab33525d08d6e5fb8d27136e95/6/5/65s8-hisense-65-inch-s8-4k-led-lcd-smart-tv-b.jpg
8,LG 55-inch Nano80 4K NanoCell Ai ThinQ Smart TV,1495,55NANO80TNA,LG,55,Harvey Norman,Televisions,AUD,https://azcd.harveynorman.com.au/media/catalog/product/cache/21/small_image/205x115/9df78eab33525d08d6e5fb8d27136e95/5/5/55nano80tna_1_copy.jpg
9,Hisense 75-inch S8 4K LED LCD Smart TV,1895                        ,75S8,Hisense,75,Harvey Norman,Televisions,AUD,https://azcd.harveynorman.com.au/media/catalog/product/cache/21/small_image/205x115/9df78eab33525d08d6e5fb8d27136e95/7/5/75s8-hisense-75-inch-s8-4k-led-lcd-smart-tv-b_1.jpg
10,TCL 65-inch C715 4K QLED Smart TV,1595                        ,65C715,TCL,65,Harvey Norman,Televisions,AUD,https://azcd.harveynorman.com.au/media/catalog/product/cache/21/thumbnail/56x32/9df78eab33525d08d6e5fb8d27136e95/6/5/65c715-tcl-65-inch-c715-4k-qled-smart-tv-00-b.jpg
11,Samsung 75-inch Q60T 4K QLED Smart TV,2895,QA75Q60TAWXXY,Samsung,75,Harvey Norman,Televisions,AUD,https://azcd.harveynorman.com.au/media/catalog/product/cache/21/thumbnail/56x32/9df78eab33525d08d6e5fb8d27136e95/q/a/qa75q60tawxxy_1.jpg
12,Sony 55-inch X80H 4K UHD LED LCD Smart TV,1295                        ,KD55X8000H,Sony,55,Harvey Norman,Televisions,AUD,https://azcd.harveynorman.com.au/media/catalog/product/cache/21/thumbnail/56x32/9df78eab33525d08d6e5fb8d27136e95/k/d/kd55x8000h_1.jpg
13,Samsung 65-inch The Frame LS03T 4K QLED Smart TV,2695,QA65LS03TAWXXY,Samsung,65,Harvey Norman,Televisions,AUD,https://azcd.harveynorman.com.au/media/catalog/product/cache/21/thumbnail/56x32/9df78eab33525d08d6e5fb8d27136e95/q/a/qa65ls03tawxxy_1.jpg
14,Samsung 82-inch Q800T 8K QLED Smart TV,8995,QA82Q800TAWXXY,Samsung,82,Harvey Norman,Televisions,AUD,https://azcd.harveynorman.com.au/media/catalog/product/cache/21/thumbnail/56x32/9df78eab33525d08d6e5fb8d27136e95/q/a/qa82q800tawxxy_1.jpg
15,Samsung 75-inch Q800T 8K QLED Smart TV,5995                        ,QA75Q800TAWXXY,Samsung,75,Harvey Norman,Televisions,AUD,https://azcd.harveynorman.com.au/media/catalog/product/cache/21/thumbnail/56x32/9df78eab33525d08d6e5fb8d27136e95/q/a/qa75q800tawxxy_1.jpg
16,Samsung 65-inch Q800T 8K QLED Smart TV,4795,QA65Q800TAWXXY,Samsung,65,Harvey Norman,Televisions,AUD,https://azcd.harveynorman.com.au/media/catalog/product/cache/21/thumbnail/56x32/9df78eab33525d08d6e5fb8d27136e95/q/a/qa65q800tawxxy_1.jpg
17,Samsung 75-inch Q95T 4K QLED Smart TV,5995,QA75Q95TAWXXY,Samsung,75,Harvey Norman,Televisions,AUD,https://azcd.harveynorman.com.au/media/catalog/product/cache/21/thumbnail/56x32/9df78eab33525d08d6e5fb8d27136e95/q/a/qa75q95tawxxy_1.jpg
18,Samsung 55-inch Q95T 4K QLED Smart TV,2995,QA55Q95TAWXXY,Samsung,55,Harvey Norman,Televisions,AUD,https://azcd.harveynorman.com.au/media/catalog/product/cache/21/thumbnail/56x32/9df78eab33525d08d6e5fb8d27136e95/q/a/qa55q95tawxxy_1.jpg
19,Samsung 75-inch Q80T 4K QLED Smart TV,4495,QA75Q80TAWXXY,Samsung,75,Harvey Norman,Televisions,AUD,https://azcd.harveynorman.com.au/media/catalog/product/cache/21/thumbnail/56x32/9df78eab33525d08d6e5fb8d27136e95/q/a/qa75q80tawxxy_1.jpg
20,Samsung 65-inch Q80T 4K QLED Smart TV,2995,QA65Q80TAWXXY,Samsung,65,Harvey Norman,Televisions,AUD,https://azcd.harveynorman.com.au/media/catalog/product/cache/21/thumbnail/56x32/9df78eab33525d08d6e5fb8d27136e95/q/a/qa65q80tawxxy_1.jpg
21,Samsung 55-inch Q80T 4K QLED Smart TV,2195,QA55Q80TAWXXY,Samsung,55,Harvey Norman,Televisions,AUD,https://azcd.harveynorman.com.au/media/catalog/product/cache/21/thumbnail/56x32/9df78eab33525d08d6e5fb8d27136e95/q/a/qa55q80tawxxy_1.jpg
22,Samsung 85-inch Q70T 4K QLED Smart TV,5495,QA85Q70TAWXXY,Samsung,85,Harvey Norman,Televisions,AUD,https://azcd.harveynorman.com.au/media/catalog/product/cache/21/thumbnail/56x32/9df78eab33525d08d6e5fb8d27136e95/q/a/qa85q70tawxxy-b.jpg
23,Samsung 75-inch Q70T 4K QLED Smart TV,3495,QA75Q70TAWXXY,Samsung,75,Harvey Norman,Televisions,AUD,https://azcd.harveynorman.com.au/media/catalog/product/cache/21/thumbnail/56x32/9df78eab33525d08d6e5fb8d27136e95/q/a/qa75q70tawxxy_1.jpg
24,Samsung 65-inch Q70T 4K QLED Smart TV,2295,QA65Q70TAWXXY,Samsung,65,Harvey Norman,Televisions,AUD,https://azcd.harveynorman.com.au/media/catalog/product/cache/21/thumbnail/56x32/9df78eab33525d08d6e5fb8d27136e95/q/a/qa65q70tawxxy_1.jpg
25,LG 55-inch CX Cinema Series 4K UHD Self-lit OLED Smart TV Ai ThinQ,3095                        ,OLED55CXPTA,LG,55,Harvey Norman,Televisions,AUD,https://azcd.harveynorman.com.au/media/catalog/product/cache/21/thumbnail/56x32/9df78eab33525d08d6e5fb8d27136e95/l/g/lg-oled-b_1_4_copy.jpg
26,LG 65-inch CX Cinema Series 4K UHD Self-lit OLED Smart TV Ai ThinQ,4295                        ,OLED65CXPTA,LG,65,Harvey Norman,Televisions,AUD,https://azcd.harveynorman.com.au/media/catalog/product/cache/21/thumbnail/56x32/9df78eab33525d08d6e5fb8d27136e95/o/l/oled65cxpta-b_copy.jpg
27,LG 77-inch CX Cinema Series 4K UHD Self-lit OLED Smart TV Ai ThinQ,7995                        ,OLED77CXPTA,LG,77,Harvey Norman,Televisions,AUD,https://azcd.harveynorman.com.au/media/catalog/product/cache/21/thumbnail/56x32/9df78eab33525d08d6e5fb8d27136e95/o/l/oled77cxpta_1_copy.jpg
28,LG 65-inch Nano99 8K NanoCell Ai ThinQ Smart TV,5495,65NANO99TNA,LG,65,Harvey Norman,Televisions,AUD,https://azcd.harveynorman.com.au/media/catalog/product/cache/21/thumbnail/56x32/9df78eab33525d08d6e5fb8d27136e95/6/5/65nano99tna_1_1.jpg
29,LG 75-inch Nano99 8K NanoCell Ai ThinQ Smart TV,7495,75NANO99TNA,LG,75,Harvey Norman,Televisions,AUD,https://azcd.harveynorman.com.au/media/catalog/product/cache/21/thumbnail/56x32/9df78eab33525d08d6e5fb8d27136e95/7/5/75nano95tna_1_copy_1.jpg
30,LG 65-inch Nano80 4K NanoCell Ai ThinQ Smart TV,1895,65NANO80TNA,LG,65,Harvey Norman,Televisions,AUD,https://azcd.harveynorman.com.au/media/catalog/product/cache/21/thumbnail/56x32/9df78eab33525d08d6e5fb8d27136e95/6/5/65nano80tna_1_1.jpg
31,LG 65-inch Nano86 4K NanoCell Ai ThinQ Smart TV,2295,65NANO86TNA,LG,65,Harvey Norman,Televisions,AUD,https://azcd.harveynorman.com.au/media/catalog/product/cache/21/thumbnail/56x32/9df78eab33525d08d6e5fb8d27136e95/6/5/65nano86tna_1_1.jpg
32,LG 65-inch Nano91 4K NanoCell Ai ThinQ Smart TV,2695,65NANO91TNA,LG,65,Harvey Norman,Televisions,AUD,https://azcd.harveynorman.com.au/media/catalog/product/cache/21/thumbnail/56x32/9df78eab33525d08d6e5fb8d27136e95/6/5/65nano91tna_1_1.jpg
33,LG 75-inch Nano91 4K NanoCell Ai ThinQ Smart TV,4195,75NANO91TNA,LG,75,Harvey Norman,Televisions,AUD,https://azcd.harveynorman.com.au/media/catalog/product/cache/21/thumbnail/56x32/9df78eab33525d08d6e5fb8d27136e95/7/5/75nano91tna_1_copy.jpg
34,LG 65-inch Nano95 8K NanoCell Ai ThinQ Smart TV,3995,65NANO95TNA,LG,65,Harvey Norman,Televisions,AUD,https://azcd.harveynorman.com.au/media/catalog/product/cache/21/thumbnail/56x32/9df78eab33525d08d6e5fb8d27136e95/6/5/65nano95tna_1_1.jpg
35,LG 75-inch Nano95 8K NanoCell Ai ThinQ Smart TV,5495,75NANO95TNA,LG,75,Harvey Norman,Televisions,AUD,https://azcd.harveynorman.com.au/media/catalog/product/cache/21/thumbnail/56x32/9df78eab33525d08d6e5fb8d27136e95/7/5/75nano95tna_1_copy.jpg
36,Sony 75-inch X95H 4K UHD LED LCD Smart TV,3995                        ,KD75X9500H,Sony,75,Harvey Norman,Televisions,AUD,https://azcd.harveynorman.com.au/media/catalog/product/cache/21/thumbnail/56x32/9df78eab33525d08d6e5fb8d27136e95/6/5/65_x95h_xh95_dark_sil_brushed_dark_sil_edge_chevron_front_b_2.jpg
37,Hisense 75-inch Q8 4K ULED Smart TV,3495,75Q8,Hisense,75,Harvey Norman,Televisions,AUD,https://azcd.harveynorman.com.au/media/catalog/product/cache/21/thumbnail/56x32/9df78eab33525d08d6e5fb8d27136e95/7/5/75q8-hisense-4k-uled-smart-tv-b.jpg
38,Hisense 65-inch Q8 4K ULED Smart TV,1995                        ,65Q8,Hisense,65,Harvey Norman,Televisions,AUD,https://azcd.harveynorman.com.au/media/catalog/product/cache/21/thumbnail/56x32/9df78eab33525d08d6e5fb8d27136e95/6/5/65q8-hisense-65-inch-q8-4k-uled-smart-tv-b.jpg
39,Hisense 55-inch Q8 4K ULED Smart TV,1595,55Q8,Hisense,55,Harvey Norman,Televisions,AUD,https://azcd.harveynorman.com.au/media/catalog/product/cache/21/thumbnail/56x32/9df78eab33525d08d6e5fb8d27136e95/7/5/75s8-hisense-75-inch-s8-4k-led-lcd-smart-tv-b.jpg
40,Samsung 75-inch The Frame LS03T 4K QLED Smart TV,3995,QA75LS03TAWXXY,Samsung,75,Harvey Norman,Televisions,AUD,https://azcd.harveynorman.com.au/media/catalog/product/cache/21/thumbnail/56x32/9df78eab33525d08d6e5fb8d27136e95/q/a/qa75ls03tawxxy_1.jpg
41,Samsung 55-inch The Frame LS03T 4K QLED Smart TV,1995,QA55LS03TAWXXY,Samsung,55,Harvey Norman,Televisions,AUD,https://azcd.harveynorman.com.au/media/catalog/product/cache/21/thumbnail/56x32/9df78eab33525d08d6e5fb8d27136e95/q/a/qa55ls03tawxxy_1.jpg
42,Samsung 85-inch Q950T 8K QLED Smart TV,12995,QA85Q950TSWXXY,Samsung,85,Harvey Norman,Televisions,AUD,https://azcd.harveynorman.com.au/media/catalog/product/cache/21/thumbnail/56x32/9df78eab33525d08d6e5fb8d27136e95/s/a/samsung-q950t-8k-qled-smart-tv-b.jpg
43,Samsung 75-inch Q950T 8K QLED Smart TV,7995,QA75Q950TSWXXY,Samsung,75,Harvey Norman,Televisions,AUD,https://azcd.harveynorman.com.au/media/catalog/product/cache/21/thumbnail/56x32/9df78eab33525d08d6e5fb8d27136e95/s/a/samsung-q950t-8k-qled-smart-tv_1-b.jpg
44,Samsung 65-inch Q950T 8K QLED Smart TV,5995,QA65Q950TSWXXY,Samsung,65,Harvey Norman,Televisions,AUD,https://azcd.harveynorman.com.au/media/catalog/product/cache/21/thumbnail/56x32/9df78eab33525d08d6e5fb8d27136e95/s/a/samsung-q950t-8k-qled-smart-tv_2b.jpg
45,TCL 100-inch P715 QUHD LED LCD Smart TV,12995,100P715,TCL,100,Harvey Norman,Televisions,AUD,https://azcd.harveynorman.com.au/media/catalog/product/cache/21/thumbnail/56x32/9df78eab33525d08d6e5fb8d27136e95/8/5/85p715-tcl-85-inch-p715-quhd-led-lcd-smart-tv-00_1-b.jpg
52,Sony 65-inch X95H 4K UHD LED LCD Smart TV,2995                        ,KD65X9500H,Sony,65,Harvey Norman,Televisions,AUD,https://azcd.harveynorman.com.au/media/catalog/product/cache/21/small_image/205x115/9df78eab33525d08d6e5fb8d27136e95/6/5/65_x95h_xh95_dark_sil_brushed_dark_sil_edge_chevron_front_b_1.jpg
53,Hisense 65-inch S8 4K LED LCD Smart TV,1395,65S8,Hisense,65,Harvey Norman,Televisions,AUD,https://azcd.harveynorman.com.au/media/catalog/product/cache/21/small_image/205x115/9df78eab33525d08d6e5fb8d27136e95/6/5/65s8-hisense-65-inch-s8-4k-led-lcd-smart-tv-b.jpg
54,LG 55-inch Nano80 4K NanoCell Ai ThinQ Smart TV,1495,55NANO80TNA,LG,55,Harvey Norman,Televisions,AUD,https://azcd.harveynorman.com.au/media/catalog/product/cache/21/small_image/205x115/9df78eab33525d08d6e5fb8d27136e95/5/5/55nano80tna_1_copy.jpg
55,Hisense 75-inch S8 4K LED LCD Smart TV,1895                        ,75S8,Hisense,75,Harvey Norman,Televisions,AUD,https://azcd.harveynorman.com.au/media/catalog/product/cache/21/small_image/205x115/9df78eab33525d08d6e5fb8d27136e95/7/5/75s8-hisense-75-inch-s8-4k-led-lcd-smart-tv-b_1.jpg
56,TCL 65-inch C715 4K QLED Smart TV,1595                        ,65C715,TCL,65,Harvey Norman,Televisions,AUD,https://azcd.harveynorman.com.au/media/catalog/product/cache/21/thumbnail/56x32/9df78eab33525d08d6e5fb8d27136e95/6/5/65c715-tcl-65-inch-c715-4k-qled-smart-tv-00-b.jpg
57,Samsung 75-inch Q60T 4K QLED Smart TV,2895,QA75Q60TAWXXY,Samsung,75,Harvey Norman,Televisions,AUD,https://azcd.harveynorman.com.au/media/catalog/product/cache/21/thumbnail/56x32/9df78eab33525d08d6e5fb8d27136e95/q/a/qa75q60tawxxy_1.jpg
58,Sony 55-inch X80H 4K UHD LED LCD Smart TV,1295                        ,KD55X8000H,Sony,55,Harvey Norman,Televisions,AUD,https://azcd.harveynorman.com.au/media/catalog/product/cache/21/thumbnail/56x32/9df78eab33525d08d6e5fb8d27136e95/k/d/kd55x8000h_1.jpg
59,Samsung 65-inch The Frame LS03T 4K QLED Smart TV,2695,QA65LS03TAWXXY,Samsung,65,Harvey Norman,Televisions,AUD,https://azcd.harveynorman.com.au/media/catalog/product/cache/21/thumbnail/56x32/9df78eab33525d08d6e5fb8d27136e95/q/a/qa65ls03tawxxy_1.jpg
60,Samsung 82-inch Q800T 8K QLED Smart TV,8995,QA82Q800TAWXXY,Samsung,82,Harvey Norman,Televisions,AUD,https://azcd.harveynorman.com.au/media/catalog/product/cache/21/thumbnail/56x32/9df78eab33525d08d6e5fb8d27136e95/q/a/qa82q800tawxxy_1.jpg
61,Samsung 75-inch Q800T 8K QLED Smart TV,5995                        ,QA75Q800TAWXXY,Samsung,75,Harvey Norman,Televisions,AUD,https://azcd.harveynorman.com.au/media/catalog/product/cache/21/thumbnail/56x32/9df78eab33525d08d6e5fb8d27136e95/q/a/qa75q800tawxxy_1.jpg
62,Samsung 65-inch Q800T 8K QLED Smart TV,4795,QA65Q800TAWXXY,Samsung,65,Harvey Norman,Televisions,AUD,https://azcd.harveynorman.com.au/media/catalog/product/cache/21/thumbnail/56x32/9df78eab33525d08d6e5fb8d27136e95/q/a/qa65q800tawxxy_1.jpg
63,Samsung 75-inch Q95T 4K QLED Smart TV,5995,QA75Q95TAWXXY,Samsung,75,Harvey Norman,Televisions,AUD,https://azcd.harveynorman.com.au/media/catalog/product/cache/21/thumbnail/56x32/9df78eab33525d08d6e5fb8d27136e95/q/a/qa75q95tawxxy_1.jpg
64,Samsung 55-inch Q95T 4K QLED Smart TV,2995,QA55Q95TAWXXY,Samsung,55,Harvey Norman,Televisions,AUD,https://azcd.harveynorman.com.au/media/catalog/product/cache/21/thumbnail/56x32/9df78eab33525d08d6e5fb8d27136e95/q/a/qa55q95tawxxy_1.jpg
65,Samsung 75-inch Q80T 4K QLED Smart TV,4495,QA75Q80TAWXXY,Samsung,75,Harvey Norman,Televisions,AUD,https://azcd.harveynorman.com.au/media/catalog/product/cache/21/thumbnail/56x32/9df78eab33525d08d6e5fb8d27136e95/q/a/qa75q80tawxxy_1.jpg
66,Samsung 65-inch Q80T 4K QLED Smart TV,2995,QA65Q80TAWXXY,Samsung,65,Harvey Norman,Televisions,AUD,https://azcd.harveynorman.com.au/media/catalog/product/cache/21/thumbnail/56x32/9df78eab33525d08d6e5fb8d27136e95/q/a/qa65q80tawxxy_1.jpg
67,Samsung 55-inch Q80T 4K QLED Smart TV,2195,QA55Q80TAWXXY,Samsung,55,Harvey Norman,Televisions,AUD,https://azcd.harveynorman.com.au/media/catalog/product/cache/21/thumbnail/56x32/9df78eab33525d08d6e5fb8d27136e95/q/a/qa55q80tawxxy_1.jpg
68,Samsung 85-inch Q70T 4K QLED Smart TV,5495,QA85Q70TAWXXY,Samsung,85,Harvey Norman,Televisions,AUD,https://azcd.harveynorman.com.au/media/catalog/product/cache/21/thumbnail/56x32/9df78eab33525d08d6e5fb8d27136e95/q/a/qa85q70tawxxy-b.jpg
69,Samsung 75-inch Q70T 4K QLED Smart TV,3495,QA75Q70TAWXXY,Samsung,75,Harvey Norman,Televisions,AUD,https://azcd.harveynorman.com.au/media/catalog/product/cache/21/thumbnail/56x32/9df78eab33525d08d6e5fb8d27136e95/q/a/qa75q70tawxxy_1.jpg
70,Samsung 65-inch Q70T 4K QLED Smart TV,2295,QA65Q70TAWXXY,Samsung,65,Harvey Norman,Televisions,AUD,https://azcd.harveynorman.com.au/media/catalog/product/cache/21/thumbnail/56x32/9df78eab33525d08d6e5fb8d27136e95/q/a/qa65q70tawxxy_1.jpg
71,LG 55-inch CX Cinema Series 4K UHD Self-lit OLED Smart TV Ai ThinQ,3095                        ,OLED55CXPTA,LG,55,Harvey Norman,Televisions,AUD,https://azcd.harveynorman.com.au/media/catalog/product/cache/21/thumbnail/56x32/9df78eab33525d08d6e5fb8d27136e95/l/g/lg-oled-b_1_4_copy.jpg
72,LG 65-inch CX Cinema Series 4K UHD Self-lit OLED Smart TV Ai ThinQ,4295                        ,OLED65CXPTA,LG,65,Harvey Norman,Televisions,AUD,https://azcd.harveynorman.com.au/media/catalog/product/cache/21/thumbnail/56x32/9df78eab33525d08d6e5fb8d27136e95/o/l/oled65cxpta-b_copy.jpg
73,LG 77-inch CX Cinema Series 4K UHD Self-lit OLED Smart TV Ai ThinQ,7995                        ,OLED77CXPTA,LG,77,Harvey Norman,Televisions,AUD,https://azcd.harveynorman.com.au/media/catalog/product/cache/21/thumbnail/56x32/9df78eab33525d08d6e5fb8d27136e95/o/l/oled77cxpta_1_copy.jpg
74,LG 65-inch Nano99 8K NanoCell Ai ThinQ Smart TV,5495,65NANO99TNA,LG,65,Harvey Norman,Televisions,AUD,https://azcd.harveynorman.com.au/media/catalog/product/cache/21/thumbnail/56x32/9df78eab33525d08d6e5fb8d27136e95/6/5/65nano99tna_1_1.jpg
75,LG 75-inch Nano99 8K NanoCell Ai ThinQ Smart TV,7495,75NANO99TNA,LG,75,Harvey Norman,Televisions,AUD,https://azcd.harveynorman.com.au/media/catalog/product/cache/21/thumbnail/56x32/9df78eab33525d08d6e5fb8d27136e95/7/5/75nano95tna_1_copy_1.jpg
76,LG 65-inch Nano80 4K NanoCell Ai ThinQ Smart TV,1895,65NANO80TNA,LG,65,Harvey Norman,Televisions,AUD,https://azcd.harveynorman.com.au/media/catalog/product/cache/21/thumbnail/56x32/9df78eab33525d08d6e5fb8d27136e95/6/5/65nano80tna_1_1.jpg
77,LG 65-inch Nano86 4K NanoCell Ai ThinQ Smart TV,2295,65NANO86TNA,LG,65,Harvey Norman,Televisions,AUD,https://azcd.harveynorman.com.au/media/catalog/product/cache/21/thumbnail/56x32/9df78eab33525d08d6e5fb8d27136e95/6/5/65nano86tna_1_1.jpg
78,LG 65-inch Nano91 4K NanoCell Ai ThinQ Smart TV,2695,65NANO91TNA,LG,65,Harvey Norman,Televisions,AUD,https://azcd.harveynorman.com.au/media/catalog/product/cache/21/thumbnail/56x32/9df78eab33525d08d6e5fb8d27136e95/6/5/65nano91tna_1_1.jpg
79,LG 75-inch Nano91 4K NanoCell Ai ThinQ Smart TV,4195,75NANO91TNA,LG,75,Harvey Norman,Televisions,AUD,https://azcd.harveynorman.com.au/media/catalog/product/cache/21/thumbnail/56x32/9df78eab33525d08d6e5fb8d27136e95/7/5/75nano91tna_1_copy.jpg
80,LG 65-inch Nano95 8K NanoCell Ai ThinQ Smart TV,3995,65NANO95TNA,LG,65,Harvey Norman,Televisions,AUD,https://azcd.harveynorman.com.au/media/catalog/product/cache/21/thumbnail/56x32/9df78eab33525d08d6e5fb8d27136e95/6/5/65nano95tna_1_1.jpg
81,LG 75-inch Nano95 8K NanoCell Ai ThinQ Smart TV,5495,75NANO95TNA,LG,75,Harvey Norman,Televisions,AUD,https://azcd.harveynorman.com.au/media/catalog/product/cache/21/thumbnail/56x32/9df78eab33525d08d6e5fb8d27136e95/7/5/75nano95tna_1_copy.jpg
82,Sony 75-inch X95H 4K UHD LED LCD Smart TV,3995                        ,KD75X9500H,Sony,75,Harvey Norman,Televisions,AUD,https://azcd.harveynorman.com.au/media/catalog/product/cache/21/thumbnail/56x32/9df78eab33525d08d6e5fb8d27136e95/6/5/65_x95h_xh95_dark_sil_brushed_dark_sil_edge_chevron_front_b_2.jpg
83,Hisense 75-inch Q8 4K ULED Smart TV,3495,75Q8,Hisense,75,Harvey Norman,Televisions,AUD,https://azcd.harveynorman.com.au/media/catalog/product/cache/21/thumbnail/56x32/9df78eab33525d08d6e5fb8d27136e95/7/5/75q8-hisense-4k-uled-smart-tv-b.jpg
84,Hisense 65-inch Q8 4K ULED Smart TV,1995                        ,65Q8,Hisense,65,Harvey Norman,Televisions,AUD,https://azcd.harveynorman.com.au/media/catalog/product/cache/21/thumbnail/56x32/9df78eab33525d08d6e5fb8d27136e95/6/5/65q8-hisense-65-inch-q8-4k-uled-smart-tv-b.jpg
85,Hisense 55-inch Q8 4K ULED Smart TV,1595,55Q8,Hisense,55,Harvey Norman,Televisions,AUD,https://azcd.harveynorman.com.au/media/catalog/product/cache/21/thumbnail/56x32/9df78eab33525d08d6e5fb8d27136e95/7/5/75s8-hisense-75-inch-s8-4k-led-lcd-smart-tv-b.jpg
86,Samsung 75-inch The Frame LS03T 4K QLED Smart TV,3995,QA75LS03TAWXXY,Samsung,75,Harvey Norman,Televisions,AUD,https://azcd.harveynorman.com.au/media/catalog/product/cache/21/thumbnail/56x32/9df78eab33525d08d6e5fb8d27136e95/q/a/qa75ls03tawxxy_1.jpg
87,Samsung 55-inch The Frame LS03T 4K QLED Smart TV,1995,QA55LS03TAWXXY,Samsung,55,Harvey Norman,Televisions,AUD,https://azcd.harveynorman.com.au/media/catalog/product/cache/21/thumbnail/56x32/9df78eab33525d08d6e5fb8d27136e95/q/a/qa55ls03tawxxy_1.jpg
88,Samsung 85-inch Q950T 8K QLED Smart TV,12995,QA85Q950TSWXXY,Samsung,85,Harvey Norman,Televisions,AUD,https://azcd.harveynorman.com.au/media/catalog/product/cache/21/thumbnail/56x32/9df78eab33525d08d6e5fb8d27136e95/s/a/samsung-q950t-8k-qled-smart-tv-b.jpg
89,Samsung 75-inch Q950T 8K QLED Smart TV,7995,QA75Q950TSWXXY,Samsung,75,Harvey Norman,Televisions,AUD,https://azcd.harveynorman.com.au/media/catalog/product/cache/21/thumbnail/56x32/9df78eab33525d08d6e5fb8d27136e95/s/a/samsung-q950t-8k-qled-smart-tv_1-b.jpg
90,Samsung 65-inch Q950T 8K QLED Smart TV,5995,QA65Q950TSWXXY,Samsung,65,Harvey Norman,Televisions,AUD,https://azcd.harveynorman.com.au/media/catalog/product/cache/21/thumbnail/56x32/9df78eab33525d08d6e5fb8d27136e95/s/a/samsung-q950t-8k-qled-smart-tv_2b.jpg
91,TCL 100-inch P715 QUHD LED LCD Smart TV,12995,100P715,TCL,100,Harvey Norman,Televisions,AUD,https://azcd.harveynorman.com.au/media/catalog/product/cache/21/thumbnail/56x32/9df78eab33525d08d6e5fb8d27136e95/8/5/85p715-tcl-85-inch-p715-quhd-led-lcd-smart-tv-00_1-b.jpg
98,Sony 65-inch X95H 4K UHD LED LCD Smart TV,2995                        ,KD65X9500H,Sony,65,Harvey Norman,Televisions,AUD,https://azcd.harveynorman.com.au/media/catalog/product/cache/21/small_image/205x115/9df78eab33525d08d6e5fb8d27136e95/6/5/65_x95h_xh95_dark_sil_brushed_dark_sil_edge_chevron_front_b_1.jpg
99,Hisense 65-inch S8 4K LED LCD Smart TV,1395,65S8,Hisense,65,Harvey Norman,Televisions,AUD,https://azcd.harveynorman.com.au/media/catalog/product/cache/21/small_image/205x115/9df78eab33525d08d6e5fb8d27136e95/6/5/65s8-hisense-65-inch-s8-4k-led-lcd-smart-tv-b.jpg
100,LG 55-inch Nano80 4K NanoCell Ai ThinQ Smart TV,1495,55NANO80TNA,LG,55,Harvey Norman,Televisions,AUD,https://azcd.harveynorman.com.au/media/catalog/product/cache/21/small_image/205x115/9df78eab33525d08d6e5fb8d27136e95/5/5/55nano80tna_1_copy.jpg
101,Hisense 75-inch S8 4K LED LCD Smart TV,1895                        ,75S8,Hisense,75,Harvey Norman,Televisions,AUD,https://azcd.harveynorman.com.au/media/catalog/product/cache/21/small_image/205x115/9df78eab33525d08d6e5fb8d27136e95/7/5/75s8-hisense-75-inch-s8-4k-led-lcd-smart-tv-b_1.jpg
102,TCL 65-inch C715 4K QLED Smart TV,1595                        ,65C715,TCL,65,Harvey Norman,Televisions,AUD,https://azcd.harveynorman.com.au/media/catalog/product/cache/21/thumbnail/56x32/9df78eab33525d08d6e5fb8d27136e95/6/5/65c715-tcl-65-inch-c715-4k-qled-smart-tv-00-b.jpg
103,Samsung 75-inch Q60T 4K QLED Smart TV,2895,QA75Q60TAWXXY,Samsung,75,Harvey Norman,Televisions,AUD,https://azcd.harveynorman.com.au/media/catalog/product/cache/21/thumbnail/56x32/9df78eab33525d08d6e5fb8d27136e95/q/a/qa75q60tawxxy_1.jpg
104,Sony 55-inch X80H 4K UHD LED LCD Smart TV,1295                        ,KD55X8000H,Sony,55,Harvey Norman,Televisions,AUD,https://azcd.harveynorman.com.au/media/catalog/product/cache/21/thumbnail/56x32/9df78eab33525d08d6e5fb8d27136e95/k/d/kd55x8000h_1.jpg
105,Samsung 65-inch The Frame LS03T 4K QLED Smart TV,2695,QA65LS03TAWXXY,Samsung,65,Harvey Norman,Televisions,AUD,https://azcd.harveynorman.com.au/media/catalog/product/cache/21/thumbnail/56x32/9df78eab33525d08d6e5fb8d27136e95/q/a/qa65ls03tawxxy_1.jpg
106,Samsung 82-inch Q800T 8K QLED Smart TV,8995,QA82Q800TAWXXY,Samsung,82,Harvey Norman,Televisions,AUD,https://azcd.harveynorman.com.au/media/catalog/product/cache/21/thumbnail/56x32/9df78eab33525d08d6e5fb8d27136e95/q/a/qa82q800tawxxy_1.jpg
107,Samsung 75-inch Q800T 8K QLED Smart TV,5995                        ,QA75Q800TAWXXY,Samsung,75,Harvey Norman,Televisions,AUD,https://azcd.harveynorman.com.au/media/catalog/product/cache/21/thumbnail/56x32/9df78eab33525d08d6e5fb8d27136e95/q/a/qa75q800tawxxy_1.jpg
108,Samsung 65-inch Q800T 8K QLED Smart TV,4795,QA65Q800TAWXXY,Samsung,65,Harvey Norman,Televisions,AUD,https://azcd.harveynorman.com.au/media/catalog/product/cache/21/thumbnail/56x32/9df78eab33525d08d6e5fb8d27136e95/q/a/qa65q800tawxxy_1.jpg
109,Samsung 75-inch Q95T 4K QLED Smart TV,5995,QA75Q95TAWXXY,Samsung,75,Harvey Norman,Televisions,AUD,https://azcd.harveynorman.com.au/media/catalog/product/cache/21/thumbnail/56x32/9df78eab33525d08d6e5fb8d27136e95/q/a/qa75q95tawxxy_1.jpg
110,Samsung 55-inch Q95T 4K QLED Smart TV,2995,QA55Q95TAWXXY,Samsung,55,Harvey Norman,Televisions,AUD,https://azcd.harveynorman.com.au/media/catalog/product/cache/21/thumbnail/56x32/9df78eab33525d08d6e5fb8d27136e95/q/a/qa55q95tawxxy_1.jpg
111,Samsung 75-inch Q80T 4K QLED Smart TV,4495,QA75Q80TAWXXY,Samsung,75,Harvey Norman,Televisions,AUD,https://azcd.harveynorman.com.au/media/catalog/product/cache/21/thumbnail/56x32/9df78eab33525d08d6e5fb8d27136e95/q/a/qa75q80tawxxy_1.jpg
112,Samsung 65-inch Q80T 4K QLED Smart TV,2995,QA65Q80TAWXXY,Samsung,65,Harvey Norman,Televisions,AUD,https://azcd.harveynorman.com.au/media/catalog/product/cache/21/thumbnail/56x32/9df78eab33525d08d6e5fb8d27136e95/q/a/qa65q80tawxxy_1.jpg
113,Samsung 55-inch Q80T 4K QLED Smart TV,2195,QA55Q80TAWXXY,Samsung,55,Harvey Norman,Televisions,AUD,https://azcd.harveynorman.com.au/media/catalog/product/cache/21/thumbnail/56x32/9df78eab33525d08d6e5fb8d27136e95/q/a/qa55q80tawxxy_1.jpg
114,Samsung 85-inch Q70T 4K QLED Smart TV,5495,QA85Q70TAWXXY,Samsung,85,Harvey Norman,Televisions,AUD,https://azcd.harveynorman.com.au/media/catalog/product/cache/21/thumbnail/56x32/9df78eab33525d08d6e5fb8d27136e95/q/a/qa85q70tawxxy-b.jpg
115,Samsung 75-inch Q70T 4K QLED Smart TV,3495,QA75Q70TAWXXY,Samsung,75,Harvey Norman,Televisions,AUD,https://azcd.harveynorman.com.au/media/catalog/product/cache/21/thumbnail/56x32/9df78eab33525d08d6e5fb8d27136e95/q/a/qa75q70tawxxy_1.jpg
116,Samsung 65-inch Q70T 4K QLED Smart TV,2295,QA65Q70TAWXXY,Samsung,65,Harvey Norman,Televisions,AUD,https://azcd.harveynorman.com.au/media/catalog/product/cache/21/thumbnail/56x32/9df78eab33525d08d6e5fb8d27136e95/q/a/qa65q70tawxxy_1.jpg
117,LG 55-inch CX Cinema Series 4K UHD Self-lit OLED Smart TV Ai ThinQ,3095                        ,OLED55CXPTA,LG,55,Harvey Norman,Televisions,AUD,https://azcd.harveynorman.com.au/media/catalog/product/cache/21/thumbnail/56x32/9df78eab33525d08d6e5fb8d27136e95/l/g/lg-oled-b_1_4_copy.jpg
118,LG 65-inch CX Cinema Series 4K UHD Self-lit OLED Smart TV Ai ThinQ,4295                        ,OLED65CXPTA,LG,65,Harvey Norman,Televisions,AUD,https://azcd.harveynorman.com.au/media/catalog/product/cache/21/thumbnail/56x32/9df78eab33525d08d6e5fb8d27136e95/o/l/oled65cxpta-b_copy.jpg
119,LG 77-inch CX Cinema Series 4K UHD Self-lit OLED Smart TV Ai ThinQ,7995                        ,OLED77CXPTA,LG,77,Harvey Norman,Televisions,AUD,https://azcd.harveynorman.com.au/media/catalog/product/cache/21/thumbnail/56x32/9df78eab33525d08d6e5fb8d27136e95/o/l/oled77cxpta_1_copy.jpg
120,LG 65-inch Nano99 8K NanoCell Ai ThinQ Smart TV,5495,65NANO99TNA,LG,65,Harvey Norman,Televisions,AUD,https://azcd.harveynorman.com.au/media/catalog/product/cache/21/thumbnail/56x32/9df78eab33525d08d6e5fb8d27136e95/6/5/65nano99tna_1_1.jpg
121,LG 75-inch Nano99 8K NanoCell Ai ThinQ Smart TV,7495,75NANO99TNA,LG,75,Harvey Norman,Televisions,AUD,https://azcd.harveynorman.com.au/media/catalog/product/cache/21/thumbnail/56x32/9df78eab33525d08d6e5fb8d27136e95/7/5/75nano95tna_1_copy_1.jpg
122,LG 65-inch Nano80 4K NanoCell Ai ThinQ Smart TV,1895,65NANO80TNA,LG,65,Harvey Norman,Televisions,AUD,https://azcd.harveynorman.com.au/media/catalog/product/cache/21/thumbnail/56x32/9df78eab33525d08d6e5fb8d27136e95/6/5/65nano80tna_1_1.jpg
123,LG 65-inch Nano86 4K NanoCell Ai ThinQ Smart TV,2295,65NANO86TNA,LG,65,Harvey Norman,Televisions,AUD,https://azcd.harveynorman.com.au/media/catalog/product/cache/21/thumbnail/56x32/9df78eab33525d08d6e5fb8d27136e95/6/5/65nano86tna_1_1.jpg
124,LG 65-inch Nano91 4K NanoCell Ai ThinQ Smart TV,2695,NA,LG,65,Harvey Norman,Televisions,AUD,https://azcd.harveynorman.com.au/media/catalog/product/cache/21/thumbnail/56x32/9df78eab33525d08d6e5fb8d27136e95/6/5/65nano91tna_1_1.jpg
125,LG 75-inch Nano91 4K NanoCell Ai ThinQ Smart TV,4195,NA,LG,75,Harvey Norman,Televisions,AUD,https://azcd.harveynorman.com.au/media/catalog/product/cache/21/thumbnail/56x32/9df78eab33525d08d6e5fb8d27136e95/7/5/75nano91tna_1_copy.jpg
126,LG 65-inch Nano95 8K NanoCell Ai ThinQ Smart TV,3995,NA,LG,65,Harvey Norman,Televisions,AUD,https://azcd.harveynorman.com.au/media/catalog/product/cache/21/thumbnail/56x32/9df78eab33525d08d6e5fb8d27136e95/6/5/65nano95tna_1_1.jpg
127,LG 75-inch Nano95 8K NanoCell Ai ThinQ Smart TV,5495,NA,LG,75,Harvey Norman,Televisions,AUD,https://azcd.harveynorman.com.au/media/catalog/product/cache/21/thumbnail/56x32/9df78eab33525d08d6e5fb8d27136e95/7/5/75nano95tna_1_copy.jpg
128,Sony 75-inch X95H 4K UHD LED LCD Smart TV,3995                        ,NA,Sony,75,Harvey Norman,Televisions,AUD,https://azcd.harveynorman.com.au/media/catalog/product/cache/21/thumbnail/56x32/9df78eab33525d08d6e5fb8d27136e95/6/5/65_x95h_xh95_dark_sil_brushed_dark_sil_edge_chevron_front_b_2.jpg
129,Hisense 75-inch Q8 4K ULED Smart TV,3495,NA,Hisense,75,Harvey Norman,Televisions,AUD,https://azcd.harveynorman.com.au/media/catalog/product/cache/21/thumbnail/56x32/9df78eab33525d08d6e5fb8d27136e95/7/5/75q8-hisense-4k-uled-smart-tv-b.jpg
130,Hisense 65-inch Q8 4K ULED Smart TV,1995                        ,NA,Hisense,65,Harvey Norman,Televisions,AUD,https://azcd.harveynorman.com.au/media/catalog/product/cache/21/thumbnail/56x32/9df78eab33525d08d6e5fb8d27136e95/6/5/65q8-hisense-65-inch-q8-4k-uled-smart-tv-b.jpg
131,Hisense 55-inch Q8 4K ULED Smart TV,1595,NA,Hisense,55,Harvey Norman,Televisions,AUD,https://azcd.harveynorman.com.au/media/catalog/product/cache/21/thumbnail/56x32/9df78eab33525d08d6e5fb8d27136e95/7/5/75s8-hisense-75-inch-s8-4k-led-lcd-smart-tv-b.jpg
132,Samsung 75-inch The Frame LS03T 4K QLED Smart TV,3995,NA,Samsung,75,Harvey Norman,Televisions,AUD,https://azcd.harveynorman.com.au/media/catalog/product/cache/21/thumbnail/56x32/9df78eab33525d08d6e5fb8d27136e95/q/a/qa75ls03tawxxy_1.jpg
133,Samsung 55-inch The Frame LS03T 4K QLED Smart TV,1995,NA,Samsung,55,Harvey Norman,Televisions,AUD,https://azcd.harveynorman.com.au/media/catalog/product/cache/21/thumbnail/56x32/9df78eab33525d08d6e5fb8d27136e95/q/a/qa55ls03tawxxy_1.jpg
134,Samsung 85-inch Q950T 8K QLED Smart TV,12995,NA,Samsung,85,Harvey Norman,Televisions,AUD,https://azcd.harveynorman.com.au/media/catalog/product/cache/21/thumbnail/56x32/9df78eab33525d08d6e5fb8d27136e95/s/a/samsung-q950t-8k-qled-smart-tv-b.jpg
135,Samsung 75-inch Q950T 8K QLED Smart TV,7995,NA,Samsung,75,Harvey Norman,Televisions,AUD,https://azcd.harveynorman.com.au/media/catalog/product/cache/21/thumbnail/56x32/9df78eab33525d08d6e5fb8d27136e95/s/a/samsung-q950t-8k-qled-smart-tv_1-b.jpg
136,Samsung 65-inch Q950T 8K QLED Smart TV,5995,NA,Samsung,65,Harvey Norman,Televisions,AUD,https://azcd.harveynorman.com.au/media/catalog/product/cache/21/thumbnail/56x32/9df78eab33525d08d6e5fb8d27136e95/s/a/samsung-q950t-8k-qled-smart-tv_2b.jpg
137,TCL 100-inch P715 QUHD LED LCD Smart TV,12995,NA,TCL,100,Harvey Norman,Televisions,AUD,https://azcd.harveynorman.com.au/media/catalog/product/cache/21/thumbnail/56x32/9df78eab33525d08d6e5fb8d27136e95/8/5/85p715-tcl-85-inch-p715-quhd-led-lcd-smart-tv-00_1-b.jpg
