model,category,currency,brand,name,size_inches,image,size_cms
65P615,1,AUD,15,"TCL - 65P615 - 65"" UHD 4K Android TV ",65,https://media.binglee.com.au/media/catalog/product/cache/1/small_image/185x185/9df78eab33525d08d6e5fb8d27136e95/t/c/tcl-p615-hero.jpg,165.0
75C815,1,AUD,15,TCL - 75C815 - 75” QLED Android TV,75,https://media.binglee.com.au/media/catalog/product/cache/1/small_image/185x185/9df78eab33525d08d6e5fb8d27136e95/7/5/75c815_01_med.jpg,190.0
40S4,1,AUD,7,"Hisense - 40S4 - 40"" Series 4 FHD Smart TV",40,https://media.binglee.com.au/media/catalog/product/cache/1/small_image/185x185/9df78eab33525d08d6e5fb8d27136e95/3/2/32s4-hero_2.jpg,102.0
49S4,1,AUD,7,"Hisense - 49S4 - 49"" Series 4 FHD Smart TV",49,https://media.binglee.com.au/media/catalog/product/cache/1/small_image/185x185/9df78eab33525d08d6e5fb8d27136e95/3/2/32s4-hero_1.jpg,124.0
40S615,1,AUD,15,TCL - 40S615 - 40” Full HD Android TV  ,40,https://media.binglee.com.au/media/catalog/product/cache/1/small_image/185x185/9df78eab33525d08d6e5fb8d27136e95/t/c/tcl-s615-hero.jpg,102.0
32S4,1,AUD,7,"Hisense - 32S4 - 32"" Series 4 HD Smart TV",32,https://media.binglee.com.au/media/catalog/product/cache/1/small_image/185x185/9df78eab33525d08d6e5fb8d27136e95/3/2/32s4-hero.jpg,81.0
UA75TU8000,1,AUD,13,"Samsung UA75TU8000WXXY 75"" Crystal UHD 4K Smart TV   ",75,https://media.binglee.com.au/media/catalog/product/cache/1/small_image/185x185/9df78eab33525d08d6e5fb8d27136e95/s/a/samsung-ua50tu8000-hero1_4.jpg,190.0
U55H10,1,AUD,2,"CHiQ - U55H10 - 55"" 4K UHD Android TV ",55,https://media.binglee.com.au/media/catalog/product/cache/1/small_image/185x185/9df78eab33525d08d6e5fb8d27136e95/c/h/chiq-u55h10-hero.jpg,140.0
55UN7300PTC,1,AUD,9,"LG 55UN7300PTC 55"" Smart 4K UHD TV - ThinQ™ AI ",55,https://media.binglee.com.au/media/catalog/product/cache/1/small_image/185x185/9df78eab33525d08d6e5fb8d27136e95/5/0/50un7300ptc_1.jpg,140.0
UA55TU8000,1,AUD,13,"Samsung UA55TU8000 55"" Crystal UHD 4K Smart TV ",55,https://media.binglee.com.au/media/catalog/product/cache/1/small_image/185x185/9df78eab33525d08d6e5fb8d27136e95/s/a/samsung-ua50tu8000-hero1_2.jpg,140.0
BP650USG9200,1,AUD,1,"Blaupunkt - 65"" 4K UHD Android TV - BP650USG9200",65,https://media.binglee.com.au/media/catalog/product/cache/1/small_image/185x185/9df78eab33525d08d6e5fb8d27136e95/b/p/bp650usg9200_01_med.jpg,165.0
BP550USG9200,1,AUD,1,"Blaupunkt - 55"" 4K UHD Android TV - BP550USG9200",55,https://media.binglee.com.au/media/catalog/product/cache/1/small_image/185x185/9df78eab33525d08d6e5fb8d27136e95/b/p/bp550usg9200_01_med.jpg,140.0
BP420FSG9200,1,AUD,1,"Blaupunkt - 42"" FHD Android TV - BP420FSG9200",42,https://media.binglee.com.au/media/catalog/product/cache/1/small_image/185x185/9df78eab33525d08d6e5fb8d27136e95/b/p/bp420fsg9200_01_med.jpg,107.0
BP320HSG9200,1,AUD,1,"Blaupunkt - 32"" HD Android TV - BP320HSG9200",32,https://media.binglee.com.au/media/catalog/product/cache/1/small_image/185x185/9df78eab33525d08d6e5fb8d27136e95/b/p/bp320hsg9200_01_med.jpg,81.0
L32K5,1,AUD,2,"CHiQ - L32K5 - 32"" HD Android TV ",32,https://media.binglee.com.au/media/catalog/product/cache/1/small_image/185x185/9df78eab33525d08d6e5fb8d27136e95/l/3/l32k5_01_med.jpg,81.0
UA43TU8000,1,AUD,13,"Samsung UA43TU8000WXXY - 43"" Crystal UHD 4K Smart TV",43,https://media.binglee.com.au/media/catalog/product/cache/1/small_image/185x185/9df78eab33525d08d6e5fb8d27136e95/s/a/samsung-ua50tu8000-hero1_5.jpg,109.0
QA65Q60TA,1,AUD,13,"Samsung QA65Q60TAWXXY 65"" Q60T QLED 4K UHD HDR Smart TV   ",65,https://media.binglee.com.au/media/catalog/product/cache/1/small_image/185x185/9df78eab33525d08d6e5fb8d27136e95/s/a/samsung-q60t-qled-feature1.jpg,165.0
UA50TU8000,1,AUD,13,"Samsung UA50TU8000WXXY 50"" Crystal UHD 4K Smart TV ",50,https://media.binglee.com.au/media/catalog/product/cache/1/small_image/185x185/9df78eab33525d08d6e5fb8d27136e95/s/a/samsung-ua50tu8000-hero1.jpg,127.0
65UN7300PTC,1,AUD,9,"LG 65UN7300PTC - 65"" Smart 4K UHD TV - ThinQ™ AI   ",65,https://media.binglee.com.au/media/catalog/product/cache/1/small_image/185x185/9df78eab33525d08d6e5fb8d27136e95/l/g/lg-un73-hero_1.jpg,165.0
32S615,1,AUD,15,"TCL - 32S615 - 32"" HD Android TV",32,https://media.binglee.com.au/media/catalog/product/cache/1/small_image/185x185/9df78eab33525d08d6e5fb8d27136e95/t/c/tcl-s615-hero_1.jpg,81.0
UA65TU8000,1,AUD,13,"Samsung UA65TU8000WXXY 65"" Crystal UHD 4K Smart TV  ",65,https://media.binglee.com.au/media/catalog/product/cache/1/small_image/185x185/9df78eab33525d08d6e5fb8d27136e95/s/a/samsung-ua50tu8000-hero1_3.jpg,165.0
43UN7300PTC,1,AUD,9,"LG 43UN7300PTC 43"" Smart 4K UHD TV - ThinQ™ AI ",43,https://media.binglee.com.au/media/catalog/product/cache/1/small_image/185x185/9df78eab33525d08d6e5fb8d27136e95/l/g/lg-un73-hero.jpg,109.0
65S8,1,AUD,7,"Hisense - 65S8 - 65"" Series 8 UHD Smart TV",65,https://media.binglee.com.au/media/catalog/product/cache/1/small_image/185x185/9df78eab33525d08d6e5fb8d27136e95/s/8/s8-hero_2.jpg,165.0
UA32N5300A,1,AUD,13,"Samsung - UA32N5300AWXXY - 32"" FHD Smart LED TV ",32,https://media.binglee.com.au/media/catalog/product/cache/1/small_image/185x185/9df78eab33525d08d6e5fb8d27136e95/u/a/ua32n5300awxxy_01_med.jpg,81.0
50UN7300PTC,1,AUD,9,"LG 50UN7300PTC 50"" Smart 4K UHD TV - ThinQ™ AI ",50,https://media.binglee.com.au/media/catalog/product/cache/1/small_image/185x185/9df78eab33525d08d6e5fb8d27136e95/5/0/50un7300ptc.jpg,127.0
U58H10,1,AUD,2,"CHiQ - U58H10 - 58"" 4K UHD Android TV ",58,https://media.binglee.com.au/media/catalog/product/cache/1/small_image/185x185/9df78eab33525d08d6e5fb8d27136e95/u/5/u58h10_01_med.jpg,147.0
QA55Q60TA,1,AUD,13,"Samsung QA55Q60TAWXXY 55"" Q60T QLED 4K UHD HDR Smart TV    ",55,https://media.binglee.com.au/media/catalog/product/cache/1/small_image/185x185/9df78eab33525d08d6e5fb8d27136e95/s/a/samsung-q60t-qled-feature1_1.jpg,140.0
L24H4,1,AUD,2,"CHiQ - L24H4 - 24"" HD TV",24,https://media.binglee.com.au/media/catalog/product/cache/1/small_image/185x185/9df78eab33525d08d6e5fb8d27136e95/l/2/l24h4_01_med.jpg,61.0
QA65Q70TA,1,AUD,13,"Samsung QA65Q70TAWXXY - 65"" Q70T QLED 4K Smart TV - 200Hz  ",65,https://media.binglee.com.au/media/catalog/product/cache/1/small_image/185x185/9df78eab33525d08d6e5fb8d27136e95/s/a/samsung-q70t-qled-feature1_1.jpg,165.0
L40K5,1,AUD,2,"CHiQ - L40K5 - 40"" FHD Android TV",40,https://media.binglee.com.au/media/catalog/product/cache/1/small_image/185x185/9df78eab33525d08d6e5fb8d27136e95/l/4/l40k5_01_med.jpg,102.0
55S8,1,AUD,7,"Hisense - 55S8 - 55"" Series 8 UHD Smart TV",55,https://media.binglee.com.au/media/catalog/product/cache/1/small_image/185x185/9df78eab33525d08d6e5fb8d27136e95/s/8/s8-hero_1.jpg,140.0
KD55X8000H,1,AUD,14,"Sony KD-55X8000H 55"" X8000H 4K Ultra HD HDR Smart Android TV  ",55,https://media.binglee.com.au/media/catalog/product/cache/1/small_image/185x185/9df78eab33525d08d6e5fb8d27136e95/s/o/sony-x80h-hero1_1_2.jpg,140.0
75UN8100PTB,1,AUD,9,"LG 75UN8100PTB 75"" Smart 4K UHD TV - ThinQ™ AI  ",75,https://media.binglee.com.au/media/catalog/product/cache/1/small_image/185x185/9df78eab33525d08d6e5fb8d27136e95/l/g/lg-uhd-un81-hero_1.jpg,190.0
U43H10,1,AUD,2,"CHiQ - U43H10 - 43"" 4K UHD Android TV",43,https://media.binglee.com.au/media/catalog/product/cache/1/small_image/185x185/9df78eab33525d08d6e5fb8d27136e95/c/h/chiq-u55h10-hero_2.jpg,109.0
U65H10,1,AUD,2,"CHiQ - U65H10 - 65"" UHD Android TV",65,https://media.binglee.com.au/media/catalog/product/cache/1/small_image/185x185/9df78eab33525d08d6e5fb8d27136e95/u/6/u65h10_01_med.jpg,165.0
50S8,1,AUD,7,"Hisense - 50S8 - 50"" Series 8 UHD Smart TV",50,https://media.binglee.com.au/media/catalog/product/cache/1/small_image/185x185/9df78eab33525d08d6e5fb8d27136e95/s/8/s8-hero.jpg,127.0
KD49X8000H,1,AUD,14,"Sony - KD-49X8000H - 49"" X8000H 4K Ultra HD HDR Smart Android TV  ",49,https://media.binglee.com.au/media/catalog/product/cache/1/small_image/185x185/9df78eab33525d08d6e5fb8d27136e95/s/o/sony-x80h-hero1_1_4.jpg,124.0
QA75Q60TA,1,AUD,13,"Samsung QA75Q60TAWXXY 75"" Q60T QLED 4K UHD HDR Smart TV    ",75,https://media.binglee.com.au/media/catalog/product/cache/1/small_image/185x185/9df78eab33525d08d6e5fb8d27136e95/s/a/samsung-q60t-qled-feature1_2.jpg,190.0
75S8,1,AUD,7,"Hisense - 75S8 - 75"" Series 8 UHD Smart TV",75,https://media.binglee.com.au/media/catalog/product/cache/1/small_image/185x185/9df78eab33525d08d6e5fb8d27136e95/s/8/s8-hero_3.jpg,190.0
50P715,1,AUD,15,TCL - 50P715 - 50” QUHD Android Smart TV,50,https://media.binglee.com.au/media/catalog/product/cache/1/small_image/185x185/9df78eab33525d08d6e5fb8d27136e95/5/0/50p715_01_med.jpg,127.0
KDL32W660E,1,AUD,14,"Sony - W660E - 32"" FHD LED - Smart TV - KDL-32W660E",32,https://media.binglee.com.au/media/catalog/product/cache/1/small_image/185x185/9df78eab33525d08d6e5fb8d27136e95/s/o/sony-w660e-hero.jpg,81.0
43S8,1,AUD,7,"Hisense - 43S8 - 43"" Series 8 UHD Smart TV ",43,https://media.binglee.com.au/media/catalog/product/cache/1/small_image/185x185/9df78eab33525d08d6e5fb8d27136e95/h/i/hisense-s8-hero.jpg,109.0
OLED55BXPTA,1,AUD,9,"LG OLED55BXPTA - BX 55"" 4K Smart OLED TV w/ AI ThinQ®",55,https://media.binglee.com.au/media/catalog/product/cache/1/small_image/185x185/9df78eab33525d08d6e5fb8d27136e95/o/l/oledbcx-hero.jpg,140.0
L24K3,1,AUD,2,"CHiQ - L24K3 - 24"" HD TV/DVD Combo  ",24,https://media.binglee.com.au/media/catalog/product/cache/1/small_image/185x185/9df78eab33525d08d6e5fb8d27136e95/l/2/l24k3_01_med.jpg,61.0
OLED65CXPTA,1,AUD,9,"LG OLED65CXPTA - 65"" OLED 4K with LG AI ThinQ ",65,https://media.binglee.com.au/media/catalog/product/cache/1/small_image/185x185/9df78eab33525d08d6e5fb8d27136e95/o/l/oled-77-cx-hero_1.jpg,165.0
QA75Q70TA,1,AUD,13,"Samsung QA75Q70TAWXXY - 75"" Q70T QLED 4K Smart TV - 200Hz  ",75,https://media.binglee.com.au/media/catalog/product/cache/1/small_image/185x185/9df78eab33525d08d6e5fb8d27136e95/s/a/samsung-q70t-qled-feature1_2.jpg,190.0
L32K3,1,AUD,2,"CHiQ - L32K3 - 32"" HD TV/DVD Combo",32,https://media.binglee.com.au/media/catalog/product/cache/1/small_image/185x185/9df78eab33525d08d6e5fb8d27136e95/l/3/l32k3_01_med.jpg,81.0
UA82TU8000,1,AUD,13,"Samsung UA82TU8000WXXY 82"" TU8000 Crystal UHD 4K Smart TV  ",82,https://media.binglee.com.au/media/catalog/product/cache/1/small_image/185x185/9df78eab33525d08d6e5fb8d27136e95/s/a/samsung-ua50tu8000-hero1_6.jpg,208.0
65NANO86TNA,1,AUD,9,"LG 65"" NanoCell Smart UHD 4K  TV w/ AI ThinQ®  - 65NANO86TNA   ",65,https://media.binglee.com.au/media/catalog/product/cache/1/small_image/185x185/9df78eab33525d08d6e5fb8d27136e95/l/g/lg-nanocell-nano86-hero.jpg,165.0
65NANO91TNA,1,AUD,9,"LG NanoCell 65NANO91TNA - 65"" Nano 9 Series 4K UHD TV with LG AI ThinQ ",65,https://media.binglee.com.au/media/catalog/product/cache/1/small_image/185x185/9df78eab33525d08d6e5fb8d27136e95/l/g/lg-nanocell-nano91-hero_2.jpg,165.0
QA65Q80TA,1,AUD,13,"Samsung QA65Q80TAWXXY 65"" Q80T QLED 4K UHD HDR Smart TV  - 200Hz   ",65,https://media.binglee.com.au/media/catalog/product/cache/1/small_image/185x185/9df78eab33525d08d6e5fb8d27136e95/s/a/samsung-q80t-qled-hero1.jpg,165.0
65C715,1,AUD,15,TCL - 65C715 - 65” QLED UHD Android Smart TV,65,https://media.binglee.com.au/media/catalog/product/cache/1/small_image/185x185/9df78eab33525d08d6e5fb8d27136e95/6/5/65c715_01_med.jpg,165.0
KD65X8000H,1,AUD,14,"Sony - KD-65X8000H - 65"" X8000H 4K Ultra HD HDR Smart Android TV  ",65,https://media.binglee.com.au/media/catalog/product/cache/1/small_image/185x185/9df78eab33525d08d6e5fb8d27136e95/s/o/sony-x80h-hero1_1_1.jpg,165.0
QA85Q70TA,1,AUD,13,"Samsung QA85Q70TAWXXY - 85"" Q70T QLED 4K Smart TV - 200Hz  ",85,https://media.binglee.com.au/media/catalog/product/cache/1/small_image/185x185/9df78eab33525d08d6e5fb8d27136e95/s/a/samsung-q70t-85-qled-hero.jpg,216.0
43P715,1,AUD,15,TCL - 43P715 - 43” QUHD Android Smart TV,43,https://media.binglee.com.au/media/catalog/product/cache/1/small_image/185x185/9df78eab33525d08d6e5fb8d27136e95/4/3/43p715_01_med.jpg,109.0
QA55Q80TA,1,AUD,13,"Samsung QA55Q80TAWXXY - 55"" Q80T QLED 4K UHD HDR Smart TV  - 200Hz    ",55,https://media.binglee.com.au/media/catalog/product/cache/1/small_image/185x185/9df78eab33525d08d6e5fb8d27136e95/s/a/samsung-q80t-qled-hero1_2.jpg,140.0
KD43X8000H,1,AUD,14,"Sony - KD43X8000H - 43"" X8000H 4K Ultra HD HDR Smart Android TV   ",43,https://media.binglee.com.au/media/catalog/product/cache/1/small_image/185x185/9df78eab33525d08d6e5fb8d27136e95/s/o/sony-x80h-hero1_1_3.jpg,109.0
QA55Q70TA,1,AUD,13,"Samsung QA55Q70TAWXXY 55"" Q70T QLED 4K UHD HDR Smart TV  - 200Hz ",55,https://media.binglee.com.au/media/catalog/product/cache/1/small_image/185x185/9df78eab33525d08d6e5fb8d27136e95/s/a/samsung-q70t-qled-feature1.jpg,140.0
86UN8100PTB,1,AUD,9,"LG 86UN8100PTB 86"" Smart 4K UHD TV - ThinQ™ AI  ",86,https://media.binglee.com.au/media/catalog/product/cache/1/small_image/185x185/9df78eab33525d08d6e5fb8d27136e95/l/g/lg-uhd-un81-hero.jpg,218.0
85S8,1,AUD,7,"Hisense - 85S8 - 85"" Series 8 UHD Smart TV",85,https://media.binglee.com.au/media/catalog/product/cache/1/small_image/185x185/9df78eab33525d08d6e5fb8d27136e95/h/i/hisense-s8-hero_1.jpg,216.0
QA85Q80TA,1,AUD,13,"Samsung QA85Q80TAWXXY 85"" Q80T QLED 4K UHD HDR Smart TV  - 200Hz   ",85,https://media.binglee.com.au/media/catalog/product/cache/1/small_image/185x185/9df78eab33525d08d6e5fb8d27136e95/s/a/samsung-q80t-qled-hero1_3.jpg,216.0
55C715,1,AUD,15,TCL - 55C715 - 55” QLED UHD Android Smart TV,55,https://media.binglee.com.au/media/catalog/product/cache/1/small_image/185x185/9df78eab33525d08d6e5fb8d27136e95/5/5/55c715_01_med.jpg,140.0
65P715,1,AUD,15,TCL - 65P715 - 65” QUHD Android Smart TV ,65,https://media.binglee.com.au/media/catalog/product/cache/1/small_image/185x185/9df78eab33525d08d6e5fb8d27136e95/6/5/65p715_01_med.jpg,165.0
QA43LS03TA,1,AUD,13,"Samsung The Frame 43"" QLED 4K TV - QA43LS03TAWXXY   ",43,https://media.binglee.com.au/media/catalog/product/cache/1/small_image/185x185/9df78eab33525d08d6e5fb8d27136e95/q/a/qa65ls03ta-hero_2.jpg,109.0
QA65LS03TA,1,AUD,13,"Samsung The Frame 65"" QLED 4K TV - QA65LS03TAWXXY  ",65,https://media.binglee.com.au/media/catalog/product/cache/1/small_image/185x185/9df78eab33525d08d6e5fb8d27136e95/q/a/qa65ls03ta-hero.jpg,165.0
QA65Q800TA,1,AUD,13,"Samsung QA65Q800TAWXXY 65"" QLED 8K UHD HDR Smart TV    ",65,https://media.binglee.com.au/media/catalog/product/cache/1/small_image/185x185/9df78eab33525d08d6e5fb8d27136e95/s/a/samsung-q800t-hero1_1.jpg,165.0
KD75X8000H,1,AUD,14,"Sony - KD75X8000H - 75"" X8000H 4K Ultra HD HDR Smart Android TV   ",75,https://media.binglee.com.au/media/catalog/product/cache/1/small_image/185x185/9df78eab33525d08d6e5fb8d27136e95/s/o/sony-x80h-hero7_1.jpg,190.0
50C715,1,AUD,15,TCL - 50C715 - 50” QLED UHD Android Smart TV,50,https://media.binglee.com.au/media/catalog/product/cache/1/small_image/185x185/9df78eab33525d08d6e5fb8d27136e95/5/0/50c715_01_med.jpg,127.0
QA75Q80TA,1,AUD,13,"Samsung QA75Q80TAWXXY 75"" Q80T QLED 4K UHD HDR Smart TV  - 200Hz    ",75,https://media.binglee.com.au/media/catalog/product/cache/1/small_image/185x185/9df78eab33525d08d6e5fb8d27136e95/s/a/samsung-q80t-qled-hero1_1.jpg,190.0
QA55LS03TA,1,AUD,13,"Samsung The Frame 55"" QLED 4K TV - QA55LS03TAWXXY ",55,https://media.binglee.com.au/media/catalog/product/cache/1/small_image/185x185/9df78eab33525d08d6e5fb8d27136e95/q/a/qa65ls03ta-hero_1.jpg,140.0
75P715,1,AUD,15,TCL - 75P715 - 75” QUHD Android Smart TV ,75,https://media.binglee.com.au/media/catalog/product/cache/1/small_image/185x185/9df78eab33525d08d6e5fb8d27136e95/7/5/75p715_01_med.jpg,190.0
KD85X8000H,1,AUD,14,"Sony - KD-85X8000H - 85"" X8000H 4K Ultra HD HDR Smart Android TV  ",85,https://media.binglee.com.au/media/catalog/product/cache/1/small_image/185x185/9df78eab33525d08d6e5fb8d27136e95/s/o/sony-x80h-hero1_1_5.jpg,216.0
QA82Q800TA,1,AUD,13,"Samsung - QA82Q800TAWXXY - 82"" QLED 8K UHD HDR Smart TV   ",82,https://media.binglee.com.au/media/catalog/product/cache/1/small_image/185x185/9df78eab33525d08d6e5fb8d27136e95/s/a/samsung-q800t-hero1_2.jpg,208.0
65NANO95TNA,1,AUD,9,"LG NanoCell 65NANO95TNA - 65"" Nano 9 Series 8K TV​  ",65,https://media.binglee.com.au/media/catalog/product/cache/1/small_image/185x185/9df78eab33525d08d6e5fb8d27136e95/l/g/lg-nano95-hero-1_1.jpg,165.0
75NANO91TNA,1,AUD,9,"LG NanoCell 75"" 4K UHD TV with LG AI ThinQ - 75NANO91TNA  ",75,https://media.binglee.com.au/media/catalog/product/cache/1/small_image/185x185/9df78eab33525d08d6e5fb8d27136e95/l/g/lg-nanocell-nano91-hero_1.jpg,190.0
86NANO91TNA,1,AUD,9,"LG NanoCell 86"" 4K UHD TV with LG AI ThinQ - 86NANO91TNA ",86,https://media.binglee.com.au/media/catalog/product/cache/1/small_image/185x185/9df78eab33525d08d6e5fb8d27136e95/l/g/lg-nanocell-nano91-hero.jpg,218.0
OLED77CXPTA,1,AUD,9,"LG OLED77CXPTA - 77"" OLED 4K with LG AI ThinQ ",77,https://media.binglee.com.au/media/catalog/product/cache/1/small_image/185x185/9df78eab33525d08d6e5fb8d27136e95/o/l/oled-77-cx-hero.jpg,196.0
QA75Q95TA,1,AUD,13,"Samsung QA75Q95TAWXXY 75"" Q95T QLED Smart 4K TV",75,https://media.binglee.com.au/media/catalog/product/cache/1/small_image/185x185/9df78eab33525d08d6e5fb8d27136e95/s/a/samsung_q95ut-hero_1.jpg,190.0
QA65Q950TS,1,AUD,13,"Samsung QA65Q950TSWXXY 65"" QLED 8K UHD HDR Smart TV   ",65,https://media.binglee.com.au/media/catalog/product/cache/1/small_image/185x185/9df78eab33525d08d6e5fb8d27136e95/s/a/samsung-qled-950ts-hero_3.jpg,165.0
QA75Q950TS,1,AUD,13,"Samsung QA75Q950TSWXXY 75"" QLED 8K UHD HDR Smart TV     ",75,https://media.binglee.com.au/media/catalog/product/cache/1/small_image/185x185/9df78eab33525d08d6e5fb8d27136e95/s/a/samsung-qled-950ts-hero_2.jpg,190.0
QA75Q800TA,1,AUD,13,"Samsung QA75Q800TAWXXY 75"" QLED 8K UHD HDR Smart TV  ",75,https://media.binglee.com.au/media/catalog/product/cache/1/small_image/185x185/9df78eab33525d08d6e5fb8d27136e95/s/a/samsung-q800t-hero1.jpg,190.0
KD55A8G,1,AUD,14,"Sony - KD-55A8G - 55"" A8G OLED 4K Ultra HD - HDR - Android TV",55,https://media.binglee.com.au/media/catalog/product/cache/1/small_image/185x185/9df78eab33525d08d6e5fb8d27136e95/k/d/kd55a8g_01_med.jpg,140.0
KD85X8500G,1,AUD,14,"Sony - KD-85X8500G - 85"" X85G 4K UHD - HDR - Smart TV (Android TV)",85,https://media.binglee.com.au/media/catalog/product/cache/1/small_image/185x185/9df78eab33525d08d6e5fb8d27136e95/k/d/kd85x8500g_01_med.jpg,216.0
KD75X9500H,1,AUD,14,"Sony - KD-75X9500H - 75"" X9500H 4K Ultra HD HDR Smart Android TV",75,https://media.binglee.com.au/media/catalog/product/cache/1/small_image/185x185/9df78eab33525d08d6e5fb8d27136e95/k/d/kd55x9500h_11_med_2.jpg,190.0
KD65X9500H,1,AUD,14,"Sony - KD-65X9500H - 65"" X9500H 4K Ultra HD HDR Smart Android TV",65,https://media.binglee.com.au/media/catalog/product/cache/1/small_image/185x185/9df78eab33525d08d6e5fb8d27136e95/k/d/kd55x9500h_11_med_1.jpg,165.0
KD55X9500H,1,AUD,14,"Sony - KD-55X9500H - 55"" X9500H 4K Ultra HD HDR Smart Android TV",55,https://media.binglee.com.au/media/catalog/product/cache/1/small_image/185x185/9df78eab33525d08d6e5fb8d27136e95/k/d/kd55x9500h_11_med.jpg,140.0
55P715,1,AUD,15,TCL - 55P715 - 55” QUHD Android Smart TV,55,https://media.binglee.com.au/media/catalog/product/cache/1/small_image/185x185/9df78eab33525d08d6e5fb8d27136e95/5/5/55p715_01_med.jpg,140.0
75NANO95TNA,1,AUD,9,"LG NanoCell 75NANO95TNA - 75"" Nano 9 Series 8K TV​ ",75,https://media.binglee.com.au/media/catalog/product/cache/1/small_image/185x185/9df78eab33525d08d6e5fb8d27136e95/l/g/lg-nano95-hero-1.jpg,190.0
QA85Q950TS,1,AUD,13,"Samsung QA85Q950TSWXXY 85"" QLED 8K UHD HDR Smart TV      ",85,https://media.binglee.com.au/media/catalog/product/cache/1/small_image/185x185/9df78eab33525d08d6e5fb8d27136e95/s/a/samsung-qled-950ts-hero.jpg,216.0
U50H10,1,AUD,2,"CHiQ - U50H10 - 50"" 4K UHD Android TV ",50,https://media.binglee.com.au/media/catalog/product/cache/1/small_image/185x185/9df78eab33525d08d6e5fb8d27136e95/c/h/chiq-u55h10-hero_1.jpg,127.0
KD65A8G,1,AUD,14,"Sony - KD-65A8G - 65"" A8G OLED 4K Ultra HD - HDR - Smart TV (Android TV) ",65,https://media.binglee.com.au/media/catalog/product/cache/1/small_image/185x185/9df78eab33525d08d6e5fb8d27136e95/k/d/kd65a8g_01_med.jpg,165.0
58S5,1,AUD,7,"Hisense - 58S5 - 58"" Series 5 UHD Smart TV ",58,https://media.binglee.com.au/media/catalog/product/cache/1/small_image/185x185/9df78eab33525d08d6e5fb8d27136e95/h/i/hisense-series5-hero.jpg,147.0
KD55X8500G,1,AUD,14,"Sony - KD-55X8500G - 55"" X85G 4K Ultra HD - HDR - Smart Android TV   ",55,https://media.binglee.com.au/media/catalog/product/cache/1/small_image/185x185/9df78eab33525d08d6e5fb8d27136e95/k/d/kd55x8500g_01_med.jpg,140.0
KD75X8500G,1,AUD,14,"Sony - KD-75X8500G - 75"" X85G 4K UHD - HDR - Smart TV (Android TV)",75,https://media.binglee.com.au/media/catalog/product/cache/1/small_image/185x185/9df78eab33525d08d6e5fb8d27136e95/k/d/kd75x8500g_01_med.jpg,190.0
QA65Q95TA,1,AUD,13,"Samsung QA65Q95TAWXXY 65"" Q95T QLED Smart 4K TV",65,https://media.binglee.com.au/media/catalog/product/cache/1/small_image/185x185/9df78eab33525d08d6e5fb8d27136e95/s/a/samsung_q95ut-hero.jpg,165.0
QA55Q95TA,1,AUD,13,"Samsung QA55Q95TAWXXY 55"" Q95T QLED Smart 4K TV",55,https://media.binglee.com.au/media/catalog/product/cache/1/small_image/185x185/9df78eab33525d08d6e5fb8d27136e95/s/a/samsung_q95ut-hero_2.jpg,140.0
QA82Q75RA,1,AUD,13,"Samsung - Series 7 82"" Q75R QLED 4K TV - QA82Q75RAWXXY  ",82,https://media.binglee.com.au/media/catalog/product/cache/1/small_image/185x185/9df78eab33525d08d6e5fb8d27136e95/s/a/samsung-qled-q75-hero_4.jpg,208.0
75R6,1,AUD,7,"Hisense - 75R6 - 75"" Series 6 UHD Smart LED TV  ",75,https://media.binglee.com.au/media/catalog/product/cache/1/small_image/185x185/9df78eab33525d08d6e5fb8d27136e95/h/i/hisense-series6.jpg,190.0
55R7,1,AUD,7,"Hisense - 55R7 - Series 7 55"" UHD ULED TV   ",55,https://media.binglee.com.au/media/catalog/product/cache/1/small_image/185x185/9df78eab33525d08d6e5fb8d27136e95/h/i/hisense-series7_1.jpg,140.0
55R6,1,AUD,7,"Hisense - 55R6 - 55"" Series 6 UHD Smart LED TV  ",55,https://media.binglee.com.au/media/catalog/product/cache/1/small_image/185x185/9df78eab33525d08d6e5fb8d27136e95/h/i/hisense-series6_3.jpg,140.0
QA65Q900RB,1,AUD,13,"Samsung - QA65Q900RBWXXY - 65"" QLED Smart 8K UHD TV   ",65,https://media.binglee.com.au/media/catalog/product/cache/1/small_image/185x185/9df78eab33525d08d6e5fb8d27136e95/s/a/samsung-8k-test.jpg,165.0
UA65RU7100,1,AUD,13,"Samsung - Series 7 65"" RU7100 4K UHD TV - UA65RU7100WXXY",65,https://media.binglee.com.au/media/catalog/product/cache/1/small_image/185x185/9df78eab33525d08d6e5fb8d27136e95/u/a/ua75ru7100_01_med_3.jpg,165.0
UA55RU8000,1,AUD,13,"Samsung - Series 8 55"" RU8000 4K UHD TV - UA55RU8000WXXY    ",55,https://media.binglee.com.au/media/catalog/product/cache/1/small_image/185x185/9df78eab33525d08d6e5fb8d27136e95/u/a/ua82ru8000_01_med.jpg,140.0
UA55RU7100,1,AUD,13,"Samsung - Series 7 55"" RU7100 4K UHD TV - UA55RU7100WXXY ",55,https://media.binglee.com.au/media/catalog/product/cache/1/small_image/185x185/9df78eab33525d08d6e5fb8d27136e95/u/a/ua75ru7100_01_med_2.jpg,140.0
QA82Q900RB,1,AUD,13,"Samsung - QA82Q900RBWXXY - 82"" QLED Smart 8K UHD TV     ",82,https://media.binglee.com.au/media/catalog/product/cache/1/small_image/185x185/9df78eab33525d08d6e5fb8d27136e95/q/a/qa82q900rb_01_med_1.jpg,208.0
QA82Q60RA,1,AUD,13,"Samsung - Series 6 82"" Q60 QLED 4K TV - QA82Q60RAWXXY  ",82,https://media.binglee.com.au/media/catalog/product/cache/1/small_image/185x185/9df78eab33525d08d6e5fb8d27136e95/q/a/qa55q60ra_01_med_3.jpg,208.0
QA75Q900RB,1,AUD,13,"Samsung 75"" QLED Smart 8K UHD TV - QA75Q900RBWXXY  ",75,https://media.binglee.com.au/media/catalog/product/cache/1/small_image/185x185/9df78eab33525d08d6e5fb8d27136e95/q/a/qa82q900rb_01_med.jpg,190.0
QA75Q60RA,1,AUD,13,"Samsung - Series 6 75"" Q60 QLED 4K TV - QA75Q60RAWXXY  ",75,https://media.binglee.com.au/media/catalog/product/cache/1/small_image/185x185/9df78eab33525d08d6e5fb8d27136e95/s/a/samsung-q60r-herp.jpg,190.0
QA65Q80RA,1,AUD,13,"Samsung - Series 8 65"" Q80R QLED 4K TV - QA65Q80RAWXXY    ",65,https://media.binglee.com.au/media/catalog/product/cache/1/small_image/185x185/9df78eab33525d08d6e5fb8d27136e95/q/a/qa75q80ra_01_med_1.jpg,165.0
QA75Q6FNA,1,AUD,13,"Samsung - QA75Q6FNAWXXY - 75"" Q6 QLED 4K Smart TV ",75,https://media.binglee.com.au/media/catalog/product/cache/1/small_image/185x185/9df78eab33525d08d6e5fb8d27136e95/q/a/qa55q6fnawxxy_1_med_1.jpg,190.0
QA55Q6FNA,1,AUD,13,"Samsung - QA55Q6FNAWXXY - 55"" Q6 QLED 4K Smart TV ",55,https://media.binglee.com.au/media/catalog/product/cache/1/small_image/185x185/9df78eab33525d08d6e5fb8d27136e95/q/a/qa55q6fnawxxy_2_med.jpg,140.0
QA65Q6FNA,1,AUD,13,"Samsung - QA65Q6FNAWXXY - 65"" Q6 QLED 4K Smart TV   ",65,https://media.binglee.com.au/media/catalog/product/cache/1/small_image/185x185/9df78eab33525d08d6e5fb8d27136e95/q/a/qa65q6fnawxxy_1_med.jpg,165.0
TH65FZ1000U,1,AUD,11,"Panasonic - TH-65FZ1000U - 65"" 4K UHD OLED SMART TV",65,https://media.binglee.com.au/media/catalog/product/cache/1/small_image/185x185/9df78eab33525d08d6e5fb8d27136e95/t/h/th65fz1000u_2_med.jpg,165.0
TH65FX800A,1,AUD,11,"Panasonic - TH-65FX800A - 65"" 4K IPS LED Smart TV",65,https://media.binglee.com.au/media/catalog/product/cache/1/small_image/185x185/9df78eab33525d08d6e5fb8d27136e95/p/a/panasonic-th-65fx800-hero.jpg,165.0
50P6US,1,AUD,15,TCL - 50P6US - 50” QUHD Android TV ,50,https://media.binglee.com.au/media/catalog/product/cache/1/small_image/185x185/9df78eab33525d08d6e5fb8d27136e95/t/c/tcl-p6-quhd_1.jpg,127.0
QA75Q9FNA,1,AUD,13,"Samsung - QA75Q9FNAWXXY - 75"" Q9 QLED 4K UHD TV  ",75,https://media.binglee.com.au/media/catalog/product/cache/1/small_image/185x185/9df78eab33525d08d6e5fb8d27136e95/q/a/qa75q9fna_02_med.jpg,190.0
QA75Q7FNA,1,AUD,13,"Samsung - QA75Q7FNAWXXY - 75"" Q7 QLED 4K UHD TV",75,https://media.binglee.com.au/media/catalog/product/cache/1/small_image/185x185/9df78eab33525d08d6e5fb8d27136e95/q/a/qa55q7fnawxxy_1_med_1.jpg,190.0
QA65Q9FNA,1,AUD,13,"Samsung - QA65Q9FNAWXXY - 65"" Q9 QLED 4K UHD TV",65,https://media.binglee.com.au/media/catalog/product/cache/1/small_image/185x185/9df78eab33525d08d6e5fb8d27136e95/q/a/qa65q9fna_1_med.jpg,165.0
75C4US,1,AUD,15,TCL - 75C4US - 75” QUHD Android TV ,75,https://media.binglee.com.au/media/catalog/product/cache/1/small_image/185x185/9df78eab33525d08d6e5fb8d27136e95/t/c/tcl-c4-quhd.jpg,190.0
UA65NU8000,1,AUD,13,"Samsung - UA65NU8000WXXY - 65"" Premium 4K UHD Smart LED TV   ",65,https://media.binglee.com.au/media/catalog/product/cache/1/small_image/185x185/9df78eab33525d08d6e5fb8d27136e95/n/u/nu8000-hero1_1.jpg,165.0
TH65EX600A,1,AUD,11,"Panasonic - 65"" 4K UHD Smart LED TV - TH-65EX600A",65,https://media.binglee.com.au/media/catalog/product/cache/1/small_image/185x185/9df78eab33525d08d6e5fb8d27136e95/t/h/th-55ex600u-newhero.jpg,165.0
UA65KS9500,1,AUD,13,"Samsung - Series 9 - UA65KS9500 - 65"" Curved SUHD Smart LED TV ",65,https://media.binglee.com.au/media/catalog/product/cache/1/small_image/185x185/9df78eab33525d08d6e5fb8d27136e95/u/a/ua65ks9500_5_med.jpg,165.0
UA55KS8500,1,AUD,13,"Samsung - Series 8 - UA55KS8500 - 55"" Curved 4K SUHD TV ",55,https://media.binglee.com.au/media/catalog/product/cache/1/small_image/185x185/9df78eab33525d08d6e5fb8d27136e95/u/a/ua55ks8500wxxy_3_med_1.jpg,140.0
TH65DX900U,1,AUD,11,"Panasonic - TH-65DX900U - 65"" UHD Smart LED TV",65,https://media.binglee.com.au/media/catalog/product/cache/1/small_image/185x185/9df78eab33525d08d6e5fb8d27136e95/t/h/th58dx900u_1_med.jpg,165.0
55UH770T,1,AUD,9,"LG - 55UH770T - 55"" UHD Smart LED TV",55,https://media.binglee.com.au/media/catalog/product/cache/1/small_image/185x185/9df78eab33525d08d6e5fb8d27136e95/6/0/60uh770t_1_med_1.jpg,140.0
UD42C5600I,1,AUD,3,"Changhong - UD42C5600I - 42"" UHD Smart TV",42,https://media.binglee.com.au/media/catalog/product/cache/1/small_image/185x185/9df78eab33525d08d6e5fb8d27136e95/u/d/ud42c5600i_med.jpg,107.0
QA98Q900RB,1,AUD,13,"Samsung - QA98Q900RBWXXY - 98"" QLED Smart 8K UHD TV",98,https://media.binglee.com.au/media/catalog/product/cache/1/small_image/185x185/9df78eab33525d08d6e5fb8d27136e95/q/a/qa98q900rb-hero.jpg,249.0
TH65GX740A,1,AUD,11,"Panasonic - TH-65GX740A - 65"" LED 4K UHD LED TV ",65,https://media.binglee.com.au/media/catalog/product/cache/1/small_image/185x185/9df78eab33525d08d6e5fb8d27136e95/t/h/th65gx740a_01_med.jpg,165.0
65R5,1,AUD,7,"Hisense - 65R5  - Series 5 65"" UHD LED TV",65,https://media.binglee.com.au/media/catalog/product/cache/1/small_image/185x185/9df78eab33525d08d6e5fb8d27136e95/h/i/hisense-series5.jpg,165.0
40D3000F,1,AUD,15,"TCL 40""(101cm) FHD LED LCD TV",40,//thegoodguys.sirv.com/products/50052593/50052593_676009.PNG?scale.height=215&scale.width=215&canvas.height=215&canvas.width=215&canvas.opacity=0,102.0
32HDSM8,1,AUD,8,"Hitachi 32"" HD Smart LED TV",32,//thegoodguys.sirv.com/products/50064547/50064547_621124.PNG?scale.height=215&scale.width=215&canvas.height=215&canvas.width=215&canvas.opacity=0,81.0
65UHDSM8,1,AUD,8,"Hitachi 65"" UHD Smart LED TV",65,//thegoodguys.sirv.com/products/50064544/50064544_617119.PNG?scale.height=215&scale.width=215&canvas.height=215&canvas.width=215&canvas.opacity=0,165.0
55UHDSM8,1,AUD,8,"Hitachi 55""(140cm) UHD HDR LED LCD Smart TV",55,//thegoodguys.sirv.com/products/50063085/50063085_592696.PNG?scale.height=215&scale.width=215&canvas.height=215&canvas.width=215&canvas.opacity=0,140.0
50UHDSM8,1,AUD,8,"Hitachi 50""(127cm) UHD LED LCD Smart TV",50,//thegoodguys.sirv.com/products/50063086/50063086_592439.PNG?scale.height=215&scale.width=215&canvas.height=215&canvas.width=215&canvas.opacity=0,127.0
40FHDSM8,1,AUD,8,"Hitachi 40""(101cm) FHD LED LCD Smart TV",40,//thegoodguys.sirv.com/products/50063088/50063088_592693.PNG?scale.height=215&scale.width=215&canvas.height=215&canvas.width=215&canvas.opacity=0,102.0
55PUT6103/79,1,AUD,12,"Philips 55""(140cm) UHD LED LCD Smart TV",55,//thegoodguys.sirv.com/products/50063013/50063013_595489.PNG?scale.height=215&scale.width=215&canvas.height=215&canvas.width=215&canvas.opacity=0,140.0
50PUT6103/79,1,AUD,12,"Philips 50""(126cm) UHD LED LCD Smart TV",50,//thegoodguys.sirv.com/products/50063014/50063014_595488.PNG?scale.height=215&scale.width=215&canvas.height=215&canvas.width=215&canvas.opacity=0,127.0
H100LDA,1,AUD,7,"Hisense 100"" 4K UHD SMART LASER TV",100,//thegoodguys.sirv.com/products/50068151/50068151_656493.PNG?scale.height=215&scale.width=215&canvas.height=215&canvas.width=215&canvas.opacity=0,254.0
LS58UHDSM20,1,AUD,10,"Linsar 58"" 4K UHD HDR Smart TV",58,//thegoodguys.sirv.com/products/50067473/50067473_647290.PNG?scale.height=215&scale.width=215&canvas.height=215&canvas.width=215&canvas.opacity=0,147.0
24F1,1,AUD,4,"FFALCON 24"" F1 HD LED TV",24,//thegoodguys.sirv.com/products/50066203/50066203_629851.PNG?scale.height=215&scale.width=215&canvas.height=215&canvas.width=215&canvas.opacity=0,61.0
40F1,1,AUD,4,"FFALCON 40"" F1 FHD LED TV",40,//thegoodguys.sirv.com/products/50066208/50066208_630041.PNG?scale.height=215&scale.width=215&canvas.height=215&canvas.width=215&canvas.opacity=0,102.0
50UF1,1,AUD,4,"FFALCON 50"" UF1 UHD SMART TV",50,//thegoodguys.sirv.com/products/50066211/50066211_630060.PNG?scale.height=215&scale.width=215&canvas.height=215&canvas.width=215&canvas.opacity=0,127.0
LS32CHD,1,AUD,10,"Linsar 32"" HD TV DVD Player Combo",32,//thegoodguys.sirv.com/products/50066633/50066633_634384.PNG?scale.height=215&scale.width=215&canvas.height=215&canvas.width=215&canvas.opacity=0,81.0
LS40CFHD,1,AUD,10,"Linsar 40"" Full HD TV DVD Player Combo",40,//thegoodguys.sirv.com/products/50066636/50066636_634387.PNG?scale.height=215&scale.width=215&canvas.height=215&canvas.width=215&canvas.opacity=0,102.0
KD77A9G,1,AUD,14,"Sony 77"" A9G 4K UHD SMART OLED TV",77,//thegoodguys.sirv.com/products/50065351/50065351_656301.PNG?scale.height=215&scale.width=215&canvas.height=215&canvas.width=215&canvas.opacity=0,196.0
75X915,1,AUD,15,"TCL 75"" X915 8K UHD ANDROID QLED TV",75,//thegoodguys.sirv.com/products/50070881/50070881_707264.PNG?scale.height=215&scale.width=215&canvas.height=215&canvas.width=215&canvas.opacity=0,190.0
QA43LS05TAWXXY,1,AUD,13,"Samsung 43"" LS05 4K UHD SMART SERO QLED TV",43,//thegoodguys.sirv.com/products/50070373/50070373_707516.PNG?scale.height=215&scale.width=215&canvas.height=215&canvas.width=215&canvas.opacity=0,109.0
75X10,1,AUD,15,"TCL 75"" X10 MINI LED 4K UHD ANDROID LED TV",75,//thegoodguys.sirv.com/products/50071363/50071363_707068.PNG?scale.height=215&scale.width=215&canvas.height=215&canvas.width=215&canvas.opacity=0,190.0
65X10,1,AUD,15,"TCL 65"" X10 MINI LED 4K UHD ANDROID LED TV",65,//thegoodguys.sirv.com/products/50071364/50071364_707191.PNG?scale.height=215&scale.width=215&canvas.height=215&canvas.width=215&canvas.opacity=0,165.0
65X915,1,AUD,15,"TCL 65"" X915 8K UHD ANDROID QLED TV",65,//thegoodguys.sirv.com/products/50071366/50071366_707310.PNG?scale.height=215&scale.width=215&canvas.height=215&canvas.width=215&canvas.opacity=0,165.0
55UF1,1,AUD,4,"FFALCON 55"" UF1 UHD SMART TV",55,//thegoodguys.sirv.com/products/50070685/50070685_708816.PNG?scale.height=215&scale.width=215&canvas.height=215&canvas.width=215&canvas.opacity=0,140.0
65UF1,1,AUD,4,"FFALCON 65"" UF1 UHD SMART TV",65,//thegoodguys.sirv.com/products/50070686/50070686_708763.PNG?scale.height=215&scale.width=215&canvas.height=215&canvas.width=215&canvas.opacity=0,165.0
GTV-3200,1,AUD,5,"GoTV 32"" GTV3200 HD NON-SMART SOLAR LED TV",32,//thegoodguys.sirv.com/products/50070358/50070358_691813.PNG?scale.height=215&scale.width=215&canvas.height=215&canvas.width=215&canvas.opacity=0,81.0
UA43TU8000WXXY,1,AUD,13,"Samsung 43"" TU8000 4K UHD SMART LED TV",43,//thegoodguys.sirv.com/products/50070363/50070363_691592.PNG?scale.height=215&scale.width=215&canvas.height=215&canvas.width=215&canvas.opacity=0,109.0
UA50TU8000WXXY,1,AUD,13,"Samsung 50"" TU8000 4K UHD SMART LED TV",50,//thegoodguys.sirv.com/products/50070364/50070364_691589.PNG?scale.height=215&scale.width=215&canvas.height=215&canvas.width=215&canvas.opacity=0,127.0
UA55TU8000WXXY,1,AUD,13,"Samsung 55"" TU8000 4K UHD SMART LED TV",55,//thegoodguys.sirv.com/products/50070365/50070365_691597.PNG?scale.height=215&scale.width=215&canvas.height=215&canvas.width=215&canvas.opacity=0,140.0
UA75TU8000WXXY,1,AUD,13,"Samsung 75"" TU8000 4K UHD SMART LED TV",75,//thegoodguys.sirv.com/products/50070369/50070369_692036.PNG?scale.height=215&scale.width=215&canvas.height=215&canvas.width=215&canvas.opacity=0,190.0
UA82TU8000WXXY,1,AUD,13,"Samsung 82"" TU8000 4K UHD SMART LED TV",82,//thegoodguys.sirv.com/products/50070370/50070370_692169.PNG?scale.height=215&scale.width=215&canvas.height=215&canvas.width=215&canvas.opacity=0,208.0
QA55Q60TAWXXY,1,AUD,13,"Samsung 55"" Q60T 4K UHD SMART QLED TV",55,//thegoodguys.sirv.com/products/50070374/50070374_691599.PNG?scale.height=215&scale.width=215&canvas.height=215&canvas.width=215&canvas.opacity=0,140.0
QA65Q60TAWXXY,1,AUD,13,"Samsung 65"" Q60T 4K UHD SMART QLED TV",65,//thegoodguys.sirv.com/products/50070375/50070375_691600.PNG?scale.height=215&scale.width=215&canvas.height=215&canvas.width=215&canvas.opacity=0,165.0
QA75Q60TAWXXY,1,AUD,13,"Samsung 75"" Q60T 4K UHD SMART QLED TV",75,//thegoodguys.sirv.com/products/50070376/50070376_692283.PNG?scale.height=215&scale.width=215&canvas.height=215&canvas.width=215&canvas.opacity=0,190.0
QA55Q70TAWXXY,1,AUD,13,"Samsung 55"" Q70T 4K UHD SMART QLED TV",55,//thegoodguys.sirv.com/products/50070377/50070377_692292.PNG?scale.height=215&scale.width=215&canvas.height=215&canvas.width=215&canvas.opacity=0,140.0
QA65Q70TAWXXY,1,AUD,13,"Samsung 65"" Q70T 4K UHD SMART QLED TV",65,//thegoodguys.sirv.com/products/50070378/50070378_692294.PNG?scale.height=215&scale.width=215&canvas.height=215&canvas.width=215&canvas.opacity=0,165.0
QA75Q70TAWXXY,1,AUD,13,"Samsung 75"" Q70T 4K UHD SMART QLED TV",75,//thegoodguys.sirv.com/products/50070379/50070379_691629.PNG?scale.height=215&scale.width=215&canvas.height=215&canvas.width=215&canvas.opacity=0,190.0
QA85Q70TAWXXY,1,AUD,13,"Samsung 85"" Q70T 4K UHD SMART QLED TV",85,//thegoodguys.sirv.com/products/50070380/50070380_703550.PNG?scale.height=215&scale.width=215&canvas.height=215&canvas.width=215&canvas.opacity=0,216.0
QA55Q80TAWXXY,1,AUD,13,"Samsung 55"" Q80T 4K UHD SMART QLED TV",55,//thegoodguys.sirv.com/products/50070381/50070381_692298.PNG?scale.height=215&scale.width=215&canvas.height=215&canvas.width=215&canvas.opacity=0,140.0
QA65Q80TAWXXY,1,AUD,13,"Samsung 65"" Q80T 4K UHD SMART QLED TV",65,//thegoodguys.sirv.com/products/50070382/50070382_691632.PNG?scale.height=215&scale.width=215&canvas.height=215&canvas.width=215&canvas.opacity=0,165.0
QA75Q80TAWXXY,1,AUD,13,"Samsung 75"" Q80T 4K UHD SMART QLED TV",75,//thegoodguys.sirv.com/products/50070383/50070383_692310.PNG?scale.height=215&scale.width=215&canvas.height=215&canvas.width=215&canvas.opacity=0,190.0
32SF1,1,AUD,4,"FFALCON 32"" SF1 HD SMART LED TV",32,//thegoodguys.sirv.com/products/50070859/50070859_712358.PNG?scale.height=215&scale.width=215&canvas.height=215&canvas.width=215&canvas.opacity=0,81.0
40SF1,1,AUD,4,"FFALCON 40"" SF1 FHD SMART LED TV",40,//thegoodguys.sirv.com/products/50070860/50070860_712772.PNG?scale.height=215&scale.width=215&canvas.height=215&canvas.width=215&canvas.opacity=0,102.0
QA85Q80TAWXXY,1,AUD,13,"Samsung 85"" Q80T 4K UHD SMART QLED TV",85,//thegoodguys.sirv.com/products/50070384/50070384_693507.PNG?scale.height=215&scale.width=215&canvas.height=215&canvas.width=215&canvas.opacity=0,216.0
QA65Q95TAWXXY,1,AUD,13,"Samsung 65"" Q95T 4K UHD SMART QLED TV",65,//thegoodguys.sirv.com/products/50070385/50070385_693517.PNG?scale.height=215&scale.width=215&canvas.height=215&canvas.width=215&canvas.opacity=0,165.0
QA75Q95TAWXXY,1,AUD,13,"Samsung 75"" Q95T 4K UHD SMART QLED TV",75,//thegoodguys.sirv.com/products/50070386/50070386_693655.PNG?scale.height=215&scale.width=215&canvas.height=215&canvas.width=215&canvas.opacity=0,190.0
QA65Q800TAWXXY,1,AUD,13,"Samsung 65"" Q800T 8K UHD SMART QLED TV",65,//thegoodguys.sirv.com/products/50070387/50070387_698991.PNG?scale.height=215&scale.width=215&canvas.height=215&canvas.width=215&canvas.opacity=0,165.0
QA75Q800TAWXXY,1,AUD,13,"Samsung 75"" Q800T 8K UHD SMART QLED TV",75,//thegoodguys.sirv.com/products/50070388/50070388_699046.PNG?scale.height=215&scale.width=215&canvas.height=215&canvas.width=215&canvas.opacity=0,190.0
QA82Q800TAWXXY,1,AUD,13,"Samsung 82"" Q800T 8K UHD SMART QLED TV",82,//thegoodguys.sirv.com/products/50070389/50070389_699070.PNG?scale.height=215&scale.width=215&canvas.height=215&canvas.width=215&canvas.opacity=0,208.0
OLED55CXPTA,1,AUD,9,"LG 55"" CX 4K UHD SMART CINEMA OLED TV",55,//thegoodguys.sirv.com/products/50070465/50070465_711664.PNG?scale.height=215&scale.width=215&canvas.height=215&canvas.width=215&canvas.opacity=0,140.0
55NANO86TNA,1,AUD,9,"LG 55"" NANO86 4K UHD SMART NANOCELL LED TV",55,//thegoodguys.sirv.com/products/50070494/50070494_695722.PNG?scale.height=215&scale.width=215&canvas.height=215&canvas.width=215&canvas.opacity=0,140.0
OLED77GXPTA,1,AUD,9,"LG 77"" GX 4K UHD SMART GALLERY OLED TV",77,//thegoodguys.sirv.com/products/50070457/50070457_711460.PNG?scale.height=215&scale.width=215&canvas.height=215&canvas.width=215&canvas.opacity=0,196.0
OLED65GXPTA,1,AUD,9,"LG 65"" GX 4K UHD SMART GALLERY OLED TV",65,//thegoodguys.sirv.com/products/50070459/50070459_711648.PNG?scale.height=215&scale.width=215&canvas.height=215&canvas.width=215&canvas.opacity=0,165.0
OLED55GXPTA,1,AUD,9,"LG 55"" GX 4K UHD SMART GALLERY OLED TV",55,//thegoodguys.sirv.com/products/50070460/50070460_711653.PNG?scale.height=215&scale.width=215&canvas.height=215&canvas.width=215&canvas.opacity=0,140.0
OLED65BXPTA,1,AUD,9,"LG 65"" BX 4K UHD SMART ESSENTIAL OLED TV",65,//thegoodguys.sirv.com/products/50070467/50070467_711574.PNG?scale.height=215&scale.width=215&canvas.height=215&canvas.width=215&canvas.opacity=0,165.0
65NANO99TNA,1,AUD,9,"LG 65"" NANO99 8K UHD SMART NANOCELL LED TV",65,//thegoodguys.sirv.com/products/50070477/50070477_697463.PNG?scale.height=215&scale.width=215&canvas.height=215&canvas.width=215&canvas.opacity=0,165.0
32PHT5505,1,AUD,12,"Philips 32"" PHT HD SLIM LED TV",32,//thegoodguys.sirv.com/products/50071533/50071533_710860.PNG?scale.height=215&scale.width=215&canvas.height=215&canvas.width=215&canvas.opacity=0,81.0
75Q8,1,AUD,7,"Hisense 75"" Q8 4K UHD SMART ULED TV",75,//thegoodguys.sirv.com/products/50070761/50070761_711856.PNG?scale.height=215&scale.width=215&canvas.height=215&canvas.width=215&canvas.opacity=0,190.0
65Q8,1,AUD,7,"Hisense 65"" Q8 4K UHD SMART ULED TV",65,//thegoodguys.sirv.com/products/50070762/50070762_702973.PNG?scale.height=215&scale.width=215&canvas.height=215&canvas.width=215&canvas.opacity=0,165.0
55Q8,1,AUD,7,"Hisense 55"" Q8 4K UHD SMART ULED TV",55,//thegoodguys.sirv.com/products/50070763/50070763_703711.PNG?scale.height=215&scale.width=215&canvas.height=215&canvas.width=215&canvas.opacity=0,140.0
QA55LS01TAWXXY,1,AUD,13,"Samsung 55"" LS01 4K UHD SMART SERIF QLED TV",55,//thegoodguys.sirv.com/products/50070372/50070372_704318.PNG?scale.height=215&scale.width=215&canvas.height=215&canvas.width=215&canvas.opacity=0,140.0
QA43LS03TAWXXY,1,AUD,13,"Samsung 43"" LS03T 4K UHD SMART FRAME QLED TV",43,//thegoodguys.sirv.com/products/50070856/50070856_704021.PNG?scale.height=215&scale.width=215&canvas.height=215&canvas.width=215&canvas.opacity=0,109.0
QA65LS03TAWXXY,1,AUD,13,"Samsung 65"" LS03T 4K UHD SMART FRAME QLED TV",65,//thegoodguys.sirv.com/products/50070857/50070857_703961.PNG?scale.height=215&scale.width=215&canvas.height=215&canvas.width=215&canvas.opacity=0,165.0
QA50LS03TAWXXY,1,AUD,13,"Samsung 50"" LS03T 4K UHD SMART FRAME QLED TV",50,//thegoodguys.sirv.com/products/50070858/50070858_703992.PNG?scale.height=215&scale.width=215&canvas.height=215&canvas.width=215&canvas.opacity=0,127.0
QA85Q950TSWXXY,1,AUD,13,"Samsung 85"" Q950T 8K UHD SMART INFINITY QLED TV",85,//thegoodguys.sirv.com/products/50070392/50070392_704226.PNG?scale.height=215&scale.width=215&canvas.height=215&canvas.width=215&canvas.opacity=0,216.0
QA43LS01TAWXXY,1,AUD,13,"Samsung 43"" LS01 4K UHD SMART SERIF QLED TV",43,//thegoodguys.sirv.com/products/50070371/50070371_704201.PNG?scale.height=215&scale.width=215&canvas.height=215&canvas.width=215&canvas.opacity=0,109.0
QA75Q950TSWXXY,1,AUD,13,"Samsung 75"" Q950T 8K UHD SMART INFINITY QLED TV",75,//thegoodguys.sirv.com/products/50070391/50070391_704300.PNG?scale.height=215&scale.width=215&canvas.height=215&canvas.width=215&canvas.opacity=0,190.0
QA65Q950TSWXXY,1,AUD,13,"Samsung 65"" Q950T 8K UHD SMART INFINITY QLED TV",65,//thegoodguys.sirv.com/products/50070390/50070390_704310.PNG?scale.height=215&scale.width=215&canvas.height=215&canvas.width=215&canvas.opacity=0,165.0
85Q8,1,AUD,7,"Hisense 85"" Q8 4K UHD SMART ULED TV",85,//thegoodguys.sirv.com/products/50070759/50070759_704363.PNG?scale.height=215&scale.width=215&canvas.height=215&canvas.width=215&canvas.opacity=0,216.0
65C815,1,AUD,15,"TCL 65"" C815 4K PREMIUM UHD ANDROID QLED TV",65,//thegoodguys.sirv.com/products/50070862/50070862_705992.PNG?scale.height=215&scale.width=215&canvas.height=215&canvas.width=215&canvas.opacity=0,165.0
55C815,1,AUD,15,"TCL 55"" C815 4K PREMIUM UHD ANDROID QLED TV",55,//thegoodguys.sirv.com/products/50070863/50070863_705979.PNG?scale.height=215&scale.width=215&canvas.height=215&canvas.width=215&canvas.opacity=0,140.0
LS75UHDSM20,1,AUD,10,"Linsar 75"" 4K UHD HDR SMART TV",75,//thegoodguys.sirv.com/products/50068738/50068738_667150.PNG?scale.height=215&scale.width=215&canvas.height=215&canvas.width=215&canvas.opacity=0,190.0
H32LK35,1,AUD,6,"HYUNDAI 32"" LK35 HD LED TV",32,//thegoodguys.sirv.com/products/50069242/50069242_676523.PNG?scale.height=215&scale.width=215&canvas.height=215&canvas.width=215&canvas.opacity=0,81.0
H50LK68,1,AUD,6,"HYUNDAI 50"" LK68 UHD SMART LED TV",50,//thegoodguys.sirv.com/products/50069243/50069243_676535.PNG?scale.height=215&scale.width=215&canvas.height=215&canvas.width=215&canvas.opacity=0,127.0
KD65X7000G,1,AUD,14,"Sony 65"" X7000G 4K UHD SMART LED TV",65,//thegoodguys.sirv.com/products/50068838/50068838_663967.PNG?scale.height=215&scale.width=215&canvas.height=215&canvas.width=215&canvas.opacity=0,165.0
50QLEDSM20,1,AUD,8,"Hitachi 50"" SM20 4K UHD ANDROID QLED TV",50,//thegoodguys.sirv.com/products/50071408/50071408_713417.PNG?scale.height=215&scale.width=215&canvas.height=215&canvas.width=215&canvas.opacity=0,127.0
55QLEDSM20,1,AUD,8,"Hitachi 55"" SM20 4K UHD ANDROID QLED TV",55,//thegoodguys.sirv.com/products/50071409/50071409_715865.PNG?scale.height=215&scale.width=215&canvas.height=215&canvas.width=215&canvas.opacity=0,140.0
65QLEDSM20,1,AUD,8,"Hitachi 65"" SM20 4K UHD ANDROID QLED TV",65,//thegoodguys.sirv.com/products/50071410/50071410_715862.PNG?scale.height=215&scale.width=215&canvas.height=215&canvas.width=215&canvas.opacity=0,165.0
QA32LS03TBWXXY,1,AUD,13,"Samsung 32"" LS03T 4K UHD SMART FRAME QLED TV",32,//thegoodguys.sirv.com/products/50072034/50072034_721924.PNG?scale.height=215&scale.width=215&canvas.height=215&canvas.width=215&canvas.opacity=0,81.0
X95H,1,AUD,14,Sony 65-inch X95H 4K UHD LED LCD Smart TV,65,https://azcd.harveynorman.com.au/media/catalog/product/cache/21/thumbnail/56x32/9df78eab33525d08d6e5fb8d27136e95/6/5/65_x95h_xh95_dark_sil_brushed_dark_sil_edge_chevron_front_b_1.jpg,165.0
S8,1,AUD,7,Hisense 65-inch S8 4K LED LCD Smart TV,65,https://azcd.harveynorman.com.au/media/catalog/product/cache/21/thumbnail/56x32/9df78eab33525d08d6e5fb8d27136e95/6/5/65s8-hisense-65-inch-s8-4k-led-lcd-smart-tv-b.jpg,165.0
Nano80,1,AUD,9,LG 55-inch Nano80 4K NanoCell Ai ThinQ Smart TV,55,https://azcd.harveynorman.com.au/media/catalog/product/cache/21/thumbnail/56x32/9df78eab33525d08d6e5fb8d27136e95/5/5/55nano80tna_1_copy.jpg,140.0
C715,1,AUD,15,TCL 65-inch C715 4K QLED Smart TV,65,https://azcd.harveynorman.com.au/media/catalog/product/cache/21/thumbnail/56x32/9df78eab33525d08d6e5fb8d27136e95/6/5/65c715-tcl-65-inch-c715-4k-qled-smart-tv-00-b.jpg,165.0
Q60T,1,AUD,13,Samsung 75-inch Q60T 4K QLED Smart TV,75,https://azcd.harveynorman.com.au/media/catalog/product/cache/21/thumbnail/56x32/9df78eab33525d08d6e5fb8d27136e95/q/a/qa75q60tawxxy_1.jpg,190.0
X80H,1,AUD,14,Sony 55-inch X80H 4K UHD LED LCD Smart TV,55,https://azcd.harveynorman.com.au/media/catalog/product/cache/21/thumbnail/56x32/9df78eab33525d08d6e5fb8d27136e95/k/d/kd55x8000h_1.jpg,140.0
The,1,AUD,13,Samsung 65-inch The Frame LS03T 4K QLED Smart TV,65,https://azcd.harveynorman.com.au/media/catalog/product/cache/21/thumbnail/56x32/9df78eab33525d08d6e5fb8d27136e95/q/a/qa65ls03tawxxy_1.jpg,165.0
Q800T,1,AUD,13,Samsung 82-inch Q800T 8K QLED Smart TV,82,https://azcd.harveynorman.com.au/media/catalog/product/cache/21/thumbnail/56x32/9df78eab33525d08d6e5fb8d27136e95/q/a/qa82q800tawxxy_1.jpg,208.0
Q95T,1,AUD,13,Samsung 75-inch Q95T 4K QLED Smart TV,75,https://azcd.harveynorman.com.au/media/catalog/product/cache/21/thumbnail/56x32/9df78eab33525d08d6e5fb8d27136e95/q/a/qa75q95tawxxy_1.jpg,190.0
Q80T,1,AUD,13,Samsung 75-inch Q80T 4K QLED Smart TV,75,https://azcd.harveynorman.com.au/media/catalog/product/cache/21/thumbnail/56x32/9df78eab33525d08d6e5fb8d27136e95/q/a/qa75q80tawxxy_1.jpg,190.0
Q70T,1,AUD,13,Samsung 85-inch Q70T 4K QLED Smart TV,85,https://azcd.harveynorman.com.au/media/catalog/product/cache/21/thumbnail/56x32/9df78eab33525d08d6e5fb8d27136e95/q/a/qa85q70tawxxy-b.jpg,216.0
CX,1,AUD,9,LG 55-inch CX Cinema Series 4K UHD Self-lit OLED Smart TV Ai ThinQ,55,https://azcd.harveynorman.com.au/media/catalog/product/cache/21/thumbnail/56x32/9df78eab33525d08d6e5fb8d27136e95/l/g/lg-oled-b_1_4_copy.jpg,140.0
Nano99,1,AUD,9,LG 65-inch Nano99 8K NanoCell Ai ThinQ Smart TV,65,https://azcd.harveynorman.com.au/media/catalog/product/cache/21/thumbnail/56x32/9df78eab33525d08d6e5fb8d27136e95/6/5/65nano99tna_1_1.jpg,165.0
Nano86,1,AUD,9,LG 65-inch Nano86 4K NanoCell Ai ThinQ Smart TV,65,https://azcd.harveynorman.com.au/media/catalog/product/cache/21/thumbnail/56x32/9df78eab33525d08d6e5fb8d27136e95/6/5/65nano86tna_1_1.jpg,165.0
Nano91,1,AUD,9,LG 65-inch Nano91 4K NanoCell Ai ThinQ Smart TV,65,https://azcd.harveynorman.com.au/media/catalog/product/cache/21/thumbnail/56x32/9df78eab33525d08d6e5fb8d27136e95/6/5/65nano91tna_1_1.jpg,165.0
Nano95,1,AUD,9,LG 65-inch Nano95 8K NanoCell Ai ThinQ Smart TV,65,https://azcd.harveynorman.com.au/media/catalog/product/cache/21/thumbnail/56x32/9df78eab33525d08d6e5fb8d27136e95/6/5/65nano95tna_1_1.jpg,165.0
Q8,1,AUD,7,Hisense 75-inch Q8 4K ULED Smart TV,75,https://azcd.harveynorman.com.au/media/catalog/product/cache/21/thumbnail/56x32/9df78eab33525d08d6e5fb8d27136e95/7/5/75q8-hisense-4k-uled-smart-tv-b.jpg,190.0
Q950T,1,AUD,13,Samsung 85-inch Q950T 8K QLED Smart TV,85,https://azcd.harveynorman.com.au/media/catalog/product/cache/21/thumbnail/56x32/9df78eab33525d08d6e5fb8d27136e95/s/a/samsung-q950t-8k-qled-smart-tv-b.jpg,216.0
P715,1,AUD,15,TCL 100-inch P715 QUHD LED LCD Smart TV,100,https://azcd.harveynorman.com.au/media/catalog/product/cache/21/thumbnail/56x32/9df78eab33525d08d6e5fb8d27136e95/8/5/85p715-tcl-85-inch-p715-quhd-led-lcd-smart-tv-00_1-b.jpg,254.0
